"id_dailymintemp","dailymintemp","tempdate"
"1","20.7","01/01/1981"
"2","17.9","01/02/1981"
"3","18.8","01/03/1981"
"4","14.6","01/04/1981"
"5","15.8","01/05/1981"
"6","15.8","01/06/1981"
"7","15.8","01/07/1981"
"8","17.4","01/08/1981"
"9","21.8","01/09/1981"
"10","20","01/10/1981"
"11","16.2","01/11/1981"
"12","13.3","01/12/1981"
"13","16.7","01/13/1981"
"14","21.5","01/14/1981"
"15","25","01/15/1981"
"16","20.7","01/16/1981"
"17","20.6","01/17/1981"
"18","24.8","01/18/1981"
"19","17.7","01/19/1981"
"20","15.5","01/20/1981"
"21","18.2","01/21/1981"
"22","12.1","01/22/1981"
"23","14.4","01/23/1981"
"24","16","01/24/1981"
"25","16.5","01/25/1981"
"26","18.7","01/26/1981"
"27","19.4","01/27/1981"
"28","17.2","01/28/1981"
"29","15.5","01/29/1981"
"30","15.1","01/30/1981"
"31","15.4","01/31/1981"
"32","15.3","02/01/1981"
"33","18.8","02/02/1981"
"34","21.9","02/03/1981"
"35","19.9","02/04/1981"
"36","16.6","02/05/1981"
"37","16.8","02/06/1981"
"38","14.6","02/07/1981"
"39","17.1","02/08/1981"
"40","25","02/09/1981"
"41","15","02/10/1981"
"42","13.7","02/11/1981"
"43","13.9","02/12/1981"
"44","18.3","02/13/1981"
"45","22","02/14/1981"
"46","22.1","02/15/1981"
"47","21.2","02/16/1981"
"48","18.4","02/17/1981"
"49","16.6","02/18/1981"
"50","16.1","02/19/1981"
"51","15.7","02/20/1981"
"52","16.6","02/21/1981"
"53","16.5","02/22/1981"
"54","14.4","02/23/1981"
"55","14.4","02/24/1981"
"56","18.5","02/25/1981"
"57","16.9","02/26/1981"
"58","17.5","02/27/1981"
"59","21.2","02/28/1981"
"60","17.8","03/01/1981"
"61","18.6","03/02/1981"
"62","17","03/03/1981"
"63","16","03/04/1981"
"64","13.3","03/05/1981"
"65","14.3","03/06/1981"
"66","11.4","03/07/1981"
"67","16.3","03/08/1981"
"68","16.1","03/09/1981"
"69","11.8","03/10/1981"
"70","12.2","03/11/1981"
"71","14.7","03/12/1981"
"72","11.8","03/13/1981"
"73","11.3","03/14/1981"
"74","10.6","03/15/1981"
"75","11.7","03/16/1981"
"76","14.2","03/17/1981"
"77","11.2","03/18/1981"
"78","16.9","03/19/1981"
"79","16.7","03/20/1981"
"80","8.1","03/21/1981"
"81","8","03/22/1981"
"82","8.8","03/23/1981"
"83","13.4","03/24/1981"
"84","10.9","03/25/1981"
"85","13.4","03/26/1981"
"86","11","03/27/1981"
"87","15","03/28/1981"
"88","15.7","03/29/1981"
"89","14.5","03/30/1981"
"90","15.8","03/31/1981"
"91","16.7","04/01/1981"
"92","16.8","04/02/1981"
"93","17.5","04/03/1981"
"94","17.1","04/04/1981"
"95","18.1","04/05/1981"
"96","16.6","04/06/1981"
"97","10","04/07/1981"
"98","14.9","04/08/1981"
"99","15.9","04/09/1981"
"100","13","04/10/1981"
"101","7.6","04/11/1981"
"102","11.5","04/12/1981"
"103","13.5","04/13/1981"
"104","13","04/14/1981"
"105","13.3","04/15/1981"
"106","12.1","04/16/1981"
"107","12.4","04/17/1981"
"108","13.2","04/18/1981"
"109","13.8","04/19/1981"
"110","10.6","04/20/1981"
"111","9","04/21/1981"
"112","10","04/22/1981"
"113","9.8","04/23/1981"
"114","11.5","04/24/1981"
"115","8.9","04/25/1981"
"116","7.4","04/26/1981"
"117","9.9","04/27/1981"
"118","9.3","04/28/1981"
"119","9.9","04/29/1981"
"120","7.4","04/30/1981"
"121","8.6","05/01/1981"
"122","11.9","05/02/1981"
"123","14","05/03/1981"
"124","8.6","05/04/1981"
"125","10","05/05/1981"
"126","13.5","05/06/1981"
"127","12","05/07/1981"
"128","10.5","05/08/1981"
"129","10.7","05/09/1981"
"130","8.1","05/10/1981"
"131","10.1","05/11/1981"
"132","10.6","05/12/1981"
"133","5.3","05/13/1981"
"134","6.6","05/14/1981"
"135","8.5","05/15/1981"
"136","11.2","05/16/1981"
"137","9.8","05/17/1981"
"138","5.9","05/18/1981"
"139","3.2","05/19/1981"
"140","2.1","05/20/1981"
"141","3.4","05/21/1981"
"142","5.4","05/22/1981"
"143","9.6","05/23/1981"
"144","11.5","05/24/1981"
"145","12.3","05/25/1981"
"146","12.6","05/26/1981"
"147","11","05/27/1981"
"148","11.2","05/28/1981"
"149","11.4","05/29/1981"
"150","11.8","05/30/1981"
"151","12.8","05/31/1981"
"152","11.6","06/01/1981"
"153","10.6","06/02/1981"
"154","9.8","06/03/1981"
"155","11.2","06/04/1981"
"156","5.7","06/05/1981"
"157","7.1","06/06/1981"
"158","2.5","06/07/1981"
"159","3.5","06/08/1981"
"160","4.6","06/09/1981"
"161","11","06/10/1981"
"162","5.7","06/11/1981"
"163","7.7","06/12/1981"
"164","10.4","06/13/1981"
"165","11.4","06/14/1981"
"166","9.2","06/15/1981"
"167","6.1","06/16/1981"
"168","2.7","06/17/1981"
"169","4.3","06/18/1981"
"170","6.3","06/19/1981"
"171","3.8","06/20/1981"
"172","4.4","06/21/1981"
"173","7.1","06/22/1981"
"174","4.8","06/23/1981"
"175","5.8","06/24/1981"
"176","6.2","06/25/1981"
"177","7.3","06/26/1981"
"178","9.2","06/27/1981"
"179","10.2","06/28/1981"
"180","9.5","06/29/1981"
"181","9.5","06/30/1981"
"182","10.7","07/01/1981"
"183","10","07/02/1981"
"184","6.5","07/03/1981"
"185","7","07/04/1981"
"186","7.4","07/05/1981"
"187","8.1","07/06/1981"
"188","6.6","07/07/1981"
"189","8.3","07/08/1981"
"190","8.9","07/09/1981"
"191","4.6","07/10/1981"
"192","6.8","07/11/1981"
"193","5.7","07/12/1981"
"194","6.1","07/13/1981"
"195","7","07/14/1981"
"196","7.2","07/15/1981"
"197","6.3","07/16/1981"
"198","8.8","07/17/1981"
"199","5","07/18/1981"
"200","7.4","07/19/1981"
"201","10.1","07/20/1981"
"202","12","07/21/1981"
"203","9","07/22/1981"
"204","8.9","07/23/1981"
"205","9.8","07/24/1981"
"206","9","07/25/1981"
"207","9.2","07/26/1981"
"208","7.7","07/27/1981"
"209","8","07/28/1981"
"210","6.1","07/29/1981"
"211","3.5","07/30/1981"
"212","3.2","07/31/1981"
"213","5.7","08/01/1981"
"214","7.7","08/02/1981"
"215","9","08/03/1981"
"216","10","08/04/1981"
"217","6.2","08/05/1981"
"218","6.9","08/06/1981"
"219","6.5","08/07/1981"
"220","6.8","08/08/1981"
"221","7","08/09/1981"
"222","5.2","08/10/1981"
"223","3","08/11/1981"
"224","5.6","08/12/1981"
"225","7.9","08/13/1981"
"226","9","08/14/1981"
"227","8.6","08/15/1981"
"228","10.3","08/16/1981"
"229","10.5","08/17/1981"
"230","7.6","08/18/1981"
"231","9.7","08/19/1981"
"232","12.5","08/20/1981"
"233","7.4","08/21/1981"
"234","7.9","08/22/1981"
"235","3.9","08/23/1981"
"236","6.6","08/24/1981"
"237","4.6","08/25/1981"
"238","7","08/26/1981"
"239","6","08/27/1981"
"240","5.5","08/28/1981"
"241","8.1","08/29/1981"
"242","5.5","08/30/1981"
"243","6.2","08/31/1981"
"244","8","09/01/1981"
"245","10.3","09/02/1981"
"246","9.8","09/03/1981"
"247","9.6","09/04/1981"
"248","8.5","09/05/1981"
"249","7.5","09/06/1981"
"250","11.2","09/07/1981"
"251","14.6","09/08/1981"
"252","11.7","09/09/1981"
"253","7.8","09/10/1981"
"254","12.3","09/11/1981"
"255","10.1","09/12/1981"
"256","11.5","09/13/1981"
"257","7.3","09/14/1981"
"258","10.9","09/15/1981"
"259","14.1","09/16/1981"
"260","10.7","09/17/1981"
"261","16.9","09/18/1981"
"262","10.5","09/19/1981"
"263","6.5","09/20/1981"
"264","11","09/21/1981"
"265","6.3","09/22/1981"
"266","10.5","09/23/1981"
"267","7.2","09/24/1981"
"268","7.6","09/25/1981"
"269","10.7","09/26/1981"
"270","7.8","09/27/1981"
"271","9.6","09/28/1981"
"272","11.4","09/29/1981"
"273","12.4","09/30/1981"
"274","8.9","10/01/1981"
"275","13.2","10/02/1981"
"276","8.6","10/03/1981"
"277","6.2","10/04/1981"
"278","11.4","10/05/1981"
"279","13.2","10/06/1981"
"280","14.3","10/07/1981"
"281","7.3","10/08/1981"
"282","12.9","10/09/1981"
"283","7.8","10/10/1981"
"284","6.2","10/11/1981"
"285","5.6","10/12/1981"
"286","10","10/13/1981"
"287","13.3","10/14/1981"
"288","8.3","10/15/1981"
"289","10.2","10/16/1981"
"290","8.6","10/17/1981"
"291","7.3","10/18/1981"
"292","10.4","10/19/1981"
"293","11.2","10/20/1981"
"294","13.2","10/21/1981"
"295","11.4","10/22/1981"
"296","9.1","10/23/1981"
"297","6.6","10/24/1981"
"298","8.4","10/25/1981"
"299","9.7","10/26/1981"
"300","13.2","10/27/1981"
"301","12.5","10/28/1981"
"302","11","10/29/1981"
"303","11","10/30/1981"
"304","11.7","10/31/1981"
"305","9.2","11/01/1981"
"306","11.5","11/02/1981"
"307","13.6","11/03/1981"
"308","13.7","11/04/1981"
"309","10.4","11/05/1981"
"310","11.5","11/06/1981"
"311","7.6","11/07/1981"
"312","9.6","11/08/1981"
"313","14.2","11/09/1981"
"314","15.7","11/10/1981"
"315","10.5","11/11/1981"
"316","10.5","11/12/1981"
"317","9.7","11/13/1981"
"318","9.5","11/14/1981"
"319","11.3","11/15/1981"
"320","8.9","11/16/1981"
"321","9.4","11/17/1981"
"322","11.9","11/18/1981"
"323","11.7","11/19/1981"
"324","13.4","11/20/1981"
"325","12.6","11/21/1981"
"326","10.1","11/22/1981"
"327","15.8","11/23/1981"
"328","13.6","11/24/1981"
"329","11.9","11/25/1981"
"330","9.9","11/26/1981"
"331","12.6","11/27/1981"
"332","17.8","11/28/1981"
"333","15","11/29/1981"
"334","13.6","11/30/1981"
"335","13.4","12/01/1981"
"336","10.5","12/02/1981"
"337","14.2","12/03/1981"
"338","11.5","12/04/1981"
"339","13","12/05/1981"
"340","15","12/06/1981"
"341","14.7","12/07/1981"
"342","12.6","12/08/1981"
"343","12.5","12/09/1981"
"344","13.5","12/10/1981"
"345","14.8","12/11/1981"
"346","17.2","12/12/1981"
"347","9.7","12/13/1981"
"348","12.1","12/14/1981"
"349","12.8","12/15/1981"
"350","11.2","12/16/1981"
"351","16.4","12/17/1981"
"352","15.6","12/18/1981"
"353","13.3","12/19/1981"
"354","11","12/20/1981"
"355","11.1","12/21/1981"
"356","15","12/22/1981"
"357","12.8","12/23/1981"
"358","15","12/24/1981"
"359","14.2","12/25/1981"
"360","14","12/26/1981"
"361","15.5","12/27/1981"
"362","13.3","12/28/1981"
"363","15.6","12/29/1981"
"364","15.2","12/30/1981"
"365","17.4","12/31/1981"
"366","17","01/01/1982"
"367","15","01/02/1982"
"368","13.5","01/03/1982"
"369","15.2","01/04/1982"
"370","13","01/05/1982"
"371","12.5","01/06/1982"
"372","14.1","01/07/1982"
"373","14.8","01/08/1982"
"374","16.2","01/09/1982"
"375","15.8","01/10/1982"
"376","19.1","01/11/1982"
"377","22.2","01/12/1982"
"378","15.9","01/13/1982"
"379","13","01/14/1982"
"380","14.1","01/15/1982"
"381","15.8","01/16/1982"
"382","24","01/17/1982"
"383","18","01/18/1982"
"384","19.7","01/19/1982"
"385","25.2","01/20/1982"
"386","20.5","01/21/1982"
"387","19.3","01/22/1982"
"388","15.8","01/23/1982"
"389","17","01/24/1982"
"390","18.4","01/25/1982"
"391","13.3","01/26/1982"
"392","14.6","01/27/1982"
"393","12.5","01/28/1982"
"394","17","01/29/1982"
"395","17.1","01/30/1982"
"396","14","01/31/1982"
"397","14.6","02/01/1982"
"398","13.3","02/02/1982"
"399","14.8","02/03/1982"
"400","15.1","02/04/1982"
"401","13.1","02/05/1982"
"402","13.6","02/06/1982"
"403","19.5","02/07/1982"
"404","22.7","02/08/1982"
"405","17.2","02/09/1982"
"406","13.5","02/10/1982"
"407","15.4","02/11/1982"
"408","17","02/12/1982"
"409","19.2","02/13/1982"
"410","22.8","02/14/1982"
"411","26.3","02/15/1982"
"412","18.2","02/16/1982"
"413","17","02/17/1982"
"414","14.8","02/18/1982"
"415","12.8","02/19/1982"
"416","15.5","02/20/1982"
"417","15.6","02/21/1982"
"418","13.1","02/22/1982"
"419","15.2","02/23/1982"
"420","14.1","02/24/1982"
"421","12.5","02/25/1982"
"422","14.6","02/26/1982"
"423","10.4","02/27/1982"
"424","13.9","02/28/1982"
"425","11.9","03/01/1982"
"426","13.5","03/02/1982"
"427","9.8","03/03/1982"
"428","14","03/04/1982"
"429","21.5","03/05/1982"
"430","19.5","03/06/1982"
"431","16.7","03/07/1982"
"432","19.1","03/08/1982"
"433","11","03/09/1982"
"434","9","03/10/1982"
"435","10","03/11/1982"
"436","14.6","03/12/1982"
"437","12.5","03/13/1982"
"438","17.2","03/14/1982"
"439","19.2","03/15/1982"
"440","22.2","03/16/1982"
"441","15.7","03/17/1982"
"442","14.2","03/18/1982"
"443","9.8","03/19/1982"
"444","14","03/20/1982"
"445","17.5","03/21/1982"
"446","20.7","03/22/1982"
"447","15.6","03/23/1982"
"448","13.2","03/24/1982"
"449","14.5","03/25/1982"
"450","16.8","03/26/1982"
"451","17.2","03/27/1982"
"452","13.4","03/28/1982"
"453","14.2","03/29/1982"
"454","14.3","03/30/1982"
"455","10.2","03/31/1982"
"456","10.4","04/01/1982"
"457","12.3","04/02/1982"
"458","11.9","04/03/1982"
"459","11.2","04/04/1982"
"460","8.5","04/05/1982"
"461","12","04/06/1982"
"462","12.4","04/07/1982"
"463","12.9","04/08/1982"
"464","10.1","04/09/1982"
"465","15","04/10/1982"
"466","13.6","04/11/1982"
"467","12.4","04/12/1982"
"468","13.6","04/13/1982"
"469","16.1","04/14/1982"
"470","19.5","04/15/1982"
"471","14.2","04/16/1982"
"472","9.3","04/17/1982"
"473","10.1","04/18/1982"
"474","7.4","04/19/1982"
"475","8.6","04/20/1982"
"476","7.8","04/21/1982"
"477","9.1","04/22/1982"
"478","13","04/23/1982"
"479","16.5","04/24/1982"
"480","12.9","04/25/1982"
"481","6.9","04/26/1982"
"482","6.9","04/27/1982"
"483","8.7","04/28/1982"
"484","10","04/29/1982"
"485","10.8","04/30/1982"
"486","7.5","05/01/1982"
"487","6.3","05/02/1982"
"488","11.9","05/03/1982"
"489","13.8","05/04/1982"
"490","11.8","05/05/1982"
"491","11","05/06/1982"
"492","10.1","05/07/1982"
"493","8.5","05/08/1982"
"494","5.5","05/09/1982"
"495","7.6","05/10/1982"
"496","8.7","05/11/1982"
"497","10.8","05/12/1982"
"498","11.2","05/13/1982"
"499","9.1","05/14/1982"
"500","3.7","05/15/1982"
"501","4.6","05/16/1982"
"502","6.6","05/17/1982"
"503","13.2","05/18/1982"
"504","15.2","05/19/1982"
"505","7.6","05/20/1982"
"506","8.4","05/21/1982"
"507","6","05/22/1982"
"508","8.3","05/23/1982"
"509","8.6","05/24/1982"
"510","11.1","05/25/1982"
"511","12.1","05/26/1982"
"512","12.9","05/27/1982"
"513","14","05/28/1982"
"514","12.5","05/29/1982"
"515","11.5","05/30/1982"
"516","7","05/31/1982"
"517","7.1","06/01/1982"
"518","9","06/02/1982"
"519","3.1","06/03/1982"
"520","2.5","06/04/1982"
"521","0","06/05/1982"
"522","1.6","06/06/1982"
"523","2.6","06/07/1982"
"524","5.7","06/08/1982"
"525","2.3","06/09/1982"
"526","4.5","06/10/1982"
"527","8.2","06/11/1982"
"528","6.9","06/12/1982"
"529","7.3","06/13/1982"
"530","6","06/14/1982"
"531","7.3","06/15/1982"
"532","7.6","06/16/1982"
"533","8","06/17/1982"
"534","8","06/18/1982"
"535","6.8","06/19/1982"
"536","7.3","06/20/1982"
"537","6.2","06/21/1982"
"538","6.9","06/22/1982"
"539","8.9","06/23/1982"
"540","4","06/24/1982"
"541","1.3","06/25/1982"
"542","0.8","06/26/1982"
"543","4.3","06/27/1982"
"544","7.3","06/28/1982"
"545","7.7","06/29/1982"
"546","9","06/30/1982"
"547","4.2","07/01/1982"
"548","1.6","07/02/1982"
"549","2.6","07/03/1982"
"550","3.4","07/04/1982"
"551","3.9","07/05/1982"
"552","7","07/06/1982"
"553","7.8","07/07/1982"
"554","5.3","07/08/1982"
"555","2.4","07/09/1982"
"556","2.8","07/10/1982"
"557","4","07/11/1982"
"558","7.5","07/12/1982"
"559","7.8","07/13/1982"
"560","5.6","07/14/1982"
"561","3.3","07/15/1982"
"562","5","07/16/1982"
"563","3.7","07/17/1982"
"564","3.9","07/18/1982"
"565","5.2","07/19/1982"
"566","0","07/20/1982"
"567","0","07/21/1982"
"568","0.9","07/22/1982"
"569","3.5","07/23/1982"
"570","6.6","07/24/1982"
"571","9.5","07/25/1982"
"572","9","07/26/1982"
"573","3.5","07/27/1982"
"574","4.5","07/28/1982"
"575","5.7","07/29/1982"
"576","5.6","07/30/1982"
"577","7.1","07/31/1982"
"578","9.7","08/01/1982"
"579","8.3","08/02/1982"
"580","9.1","08/03/1982"
"581","2.8","08/04/1982"
"582","2.2","08/05/1982"
"583","4.5","08/06/1982"
"584","3.8","08/07/1982"
"585","3.8","08/08/1982"
"586","6.2","08/09/1982"
"587","11.5","08/10/1982"
"588","10.2","08/11/1982"
"589","7.9","08/12/1982"
"590","9","08/13/1982"
"591","9.5","08/14/1982"
"592","6","08/15/1982"
"593","8.2","08/16/1982"
"594","9.2","08/17/1982"
"595","4.3","08/18/1982"
"596","6.6","08/19/1982"
"597","9.4","08/20/1982"
"598","13.2","08/21/1982"
"599","6.6","08/22/1982"
"600","5.1","08/23/1982"
"601","12.1","08/24/1982"
"602","11.2","08/25/1982"
"603","8.5","08/26/1982"
"604","4.6","08/27/1982"
"605","7","08/28/1982"
"606","14.2","08/29/1982"
"607","12.7","08/30/1982"
"608","7.6","08/31/1982"
"609","4","09/01/1982"
"610","10","09/02/1982"
"611","10.5","09/03/1982"
"612","5","09/04/1982"
"613","4.5","09/05/1982"
"614","8.2","09/06/1982"
"615","4.3","09/07/1982"
"616","9.8","09/08/1982"
"617","5.8","09/09/1982"
"618","5","09/10/1982"
"619","8.5","09/11/1982"
"620","9","09/12/1982"
"621","3.6","09/13/1982"
"622","6.7","09/14/1982"
"623","6.7","09/15/1982"
"624","10.1","09/16/1982"
"625","15","09/17/1982"
"626","8.9","09/18/1982"
"627","5.7","09/19/1982"
"628","4.2","09/20/1982"
"629","4","09/21/1982"
"630","5.3","09/22/1982"
"631","6.3","09/23/1982"
"632","8.5","09/24/1982"
"633","11.5","09/25/1982"
"634","7.7","09/26/1982"
"635","9.2","09/27/1982"
"636","7.8","09/28/1982"
"637","6.3","09/29/1982"
"638","6.3","09/30/1982"
"639","8.6","10/01/1982"
"640","6.1","10/02/1982"
"641","13.2","10/03/1982"
"642","9.9","10/04/1982"
"643","4.7","10/05/1982"
"644","5.8","10/06/1982"
"645","14.9","10/07/1982"
"646","10.7","10/08/1982"
"647","8.6","10/09/1982"
"648","9.4","10/10/1982"
"649","5.7","10/11/1982"
"650","10.9","10/12/1982"
"651","13.1","10/13/1982"
"652","10.4","10/14/1982"
"653","8.2","10/15/1982"
"654","9.8","10/16/1982"
"655","7.5","10/17/1982"
"656","5.8","10/18/1982"
"657","9.8","10/19/1982"
"658","7.9","10/20/1982"
"659","8.7","10/21/1982"
"660","10","10/22/1982"
"661","10.6","10/23/1982"
"662","8","10/24/1982"
"663","10.2","10/25/1982"
"664","15.1","10/26/1982"
"665","13.9","10/27/1982"
"666","9.2","10/28/1982"
"667","9","10/29/1982"
"668","13.2","10/30/1982"
"669","7","10/31/1982"
"670","10.6","11/01/1982"
"671","6.9","11/02/1982"
"672","9.5","11/03/1982"
"673","12.5","11/04/1982"
"674","13.6","11/05/1982"
"675","17.7","11/06/1982"
"676","16","11/07/1982"
"677","11.3","11/08/1982"
"678","10.5","11/09/1982"
"679","14.4","11/10/1982"
"680","10.3","11/11/1982"
"681","9","11/12/1982"
"682","11.1","11/13/1982"
"683","14.5","11/14/1982"
"684","18","11/15/1982"
"685","12.8","11/16/1982"
"686","10.7","11/17/1982"
"687","9.1","11/18/1982"
"688","8.7","11/19/1982"
"689","12.4","11/20/1982"
"690","12.6","11/21/1982"
"691","10.3","11/22/1982"
"692","13.7","11/23/1982"
"693","16","11/24/1982"
"694","15.8","11/25/1982"
"695","12.1","11/26/1982"
"696","12.5","11/27/1982"
"697","12.2","11/28/1982"
"698","13.7","11/29/1982"
"699","16.1","11/30/1982"
"700","15.5","12/01/1982"
"701","10.3","12/02/1982"
"702","10.5","12/03/1982"
"703","11","12/04/1982"
"704","11.9","12/05/1982"
"705","13","12/06/1982"
"706","12.2","12/07/1982"
"707","10.6","12/08/1982"
"708","13","12/09/1982"
"709","13","12/10/1982"
"710","12.2","12/11/1982"
"711","12.6","12/12/1982"
"712","18.7","12/13/1982"
"713","15.2","12/14/1982"
"714","15.3","12/15/1982"
"715","13.9","12/16/1982"
"716","15.8","12/17/1982"
"717","13","12/18/1982"
"718","13","12/19/1982"
"719","13.7","12/20/1982"
"720","12","12/21/1982"
"721","10.8","12/22/1982"
"722","15.6","12/23/1982"
"723","15.3","12/24/1982"
"724","13.9","12/25/1982"
"725","13","12/26/1982"
"726","15.3","12/27/1982"
"727","16.3","12/28/1982"
"728","15.8","12/29/1982"
"729","17.7","12/30/1982"
"730","16.3","12/31/1982"
"731","18.4","01/01/1983"
"732","15","01/02/1983"
"733","10.9","01/03/1983"
"734","11.4","01/04/1983"
"735","14.8","01/05/1983"
"736","12.1","01/06/1983"
"737","12.8","01/07/1983"
"738","16.2","01/08/1983"
"739","15.5","01/09/1983"
"740","13","01/10/1983"
"741","10.5","01/11/1983"
"742","9.1","01/12/1983"
"743","10.5","01/13/1983"
"744","11.8","01/14/1983"
"745","12.7","01/15/1983"
"746","12.7","01/16/1983"
"747","11.5","01/17/1983"
"748","13.8","01/18/1983"
"749","13.3","01/19/1983"
"750","11.6","01/20/1983"
"751","15.4","01/21/1983"
"752","12.4","01/22/1983"
"753","16.9","01/23/1983"
"754","14.7","01/24/1983"
"755","10.6","01/25/1983"
"756","15.6","01/26/1983"
"757","10.7","01/27/1983"
"758","12.6","01/28/1983"
"759","13.8","01/29/1983"
"760","14.3","01/30/1983"
"761","14","01/31/1983"
"762","18.1","02/01/1983"
"763","17.3","02/02/1983"
"764","13","02/03/1983"
"765","16","02/04/1983"
"766","14.9","02/05/1983"
"767","16.2","02/06/1983"
"768","20.3","02/07/1983"
"769","22.5","02/08/1983"
"770","17.2","02/09/1983"
"771","15.9","02/10/1983"
"772","16.8","02/11/1983"
"773","13.8","02/12/1983"
"774","12.8","02/13/1983"
"775","14","02/14/1983"
"776","17.5","02/15/1983"
"777","21.5","02/16/1983"
"778","16.8","02/17/1983"
"779","13.6","02/18/1983"
"780","14.5","02/19/1983"
"781","14.2","02/20/1983"
"782","15.7","02/21/1983"
"783","19.7","02/22/1983"
"784","17.4","02/23/1983"
"785","14.4","02/24/1983"
"786","16.9","02/25/1983"
"787","19.1","02/26/1983"
"788","20.4","02/27/1983"
"789","20.1","02/28/1983"
"790","19.9","03/01/1983"
"791","22","03/02/1983"
"792","20.5","03/03/1983"
"793","22.1","03/04/1983"
"794","20.6","03/05/1983"
"795","15","03/06/1983"
"796","20.6","03/07/1983"
"797","21.5","03/08/1983"
"798","16.2","03/09/1983"
"799","14.1","03/10/1983"
"800","14.5","03/11/1983"
"801","21.1","03/12/1983"
"802","15.9","03/13/1983"
"803","15.2","03/14/1983"
"804","13.1","03/15/1983"
"805","13.2","03/16/1983"
"806","12.5","03/17/1983"
"807","15.2","03/18/1983"
"808","17.6","03/19/1983"
"809","15.5","03/20/1983"
"810","16.7","03/21/1983"
"811","16.3","03/22/1983"
"812","15.1","03/23/1983"
"813","12.7","03/24/1983"
"814","10","03/25/1983"
"815","11.4","03/26/1983"
"816","12.6","03/27/1983"
"817","10.7","03/28/1983"
"818","10","03/29/1983"
"819","13.9","03/30/1983"
"820","13.4","03/31/1983"
"821","12.5","04/01/1983"
"822","12.8","04/02/1983"
"823","7.8","04/03/1983"
"824","11.1","04/04/1983"
"825","10.7","04/05/1983"
"826","7.1","04/06/1983"
"827","6.7","04/07/1983"
"828","5.7","04/08/1983"
"829","9.1","04/09/1983"
"830","15.2","04/10/1983"
"831","15.5","04/11/1983"
"832","11.1","04/12/1983"
"833","11.7","04/13/1983"
"834","11.5","04/14/1983"
"835","9.8","04/15/1983"
"836","6.2","04/16/1983"
"837","6.7","04/17/1983"
"838","7.5","04/18/1983"
"839","8.8","04/19/1983"
"840","8","04/20/1983"
"841","10.4","04/21/1983"
"842","14.5","04/22/1983"
"843","16.5","04/23/1983"
"844","14.1","04/24/1983"
"845","10.5","04/25/1983"
"846","12.6","04/26/1983"
"847","13","04/27/1983"
"848","8.7","04/28/1983"
"849","10.1","04/29/1983"
"850","12","04/30/1983"
"851","12.5","05/01/1983"
"852","13.5","05/02/1983"
"853","13.7","05/03/1983"
"854","13.5","05/04/1983"
"855","10.7","05/05/1983"
"856","13","05/06/1983"
"857","11.6","05/07/1983"
"858","13","05/08/1983"
"859","11.2","05/09/1983"
"860","13.5","05/10/1983"
"861","12.9","05/11/1983"
"862","6.8","05/12/1983"
"863","10","05/13/1983"
"864","14.5","05/14/1983"
"865","11.7","05/15/1983"
"866","6.7","05/16/1983"
"867","4.6","05/17/1983"
"868","4.9","05/18/1983"
"869","7.4","05/19/1983"
"870","8.3","05/20/1983"
"871","7.5","05/21/1983"
"872","6.2","05/22/1983"
"873","7.8","05/23/1983"
"874","13.2","05/24/1983"
"875","11.9","05/25/1983"
"876","6.5","05/26/1983"
"877","8.3","05/27/1983"
"878","12.1","05/28/1983"
"879","9.3","05/29/1983"
"880","7.5","05/30/1983"
"881","9.3","05/31/1983"
"882","11","06/01/1983"
"883","10.8","06/02/1983"
"884","5.3","06/03/1983"
"885","7.6","06/04/1983"
"886","5.6","06/05/1983"
"887","7.2","06/06/1983"
"888","9.6","06/07/1983"
"889","7","06/08/1983"
"890","8.3","06/09/1983"
"891","7.8","06/10/1983"
"892","4.7","06/11/1983"
"893","6.8","06/12/1983"
"894","7.2","06/13/1983"
"895","8.3","06/14/1983"
"896","9.5","06/15/1983"
"897","4.7","06/16/1983"
"898","3","06/17/1983"
"899","1.5","06/18/1983"
"900","2.5","06/19/1983"
"901","6.2","06/20/1983"
"902","11.6","06/21/1983"
"903","6.6","06/22/1983"
"904","6.6","06/23/1983"
"905","8","06/24/1983"
"906","7.9","06/25/1983"
"907","3.3","06/26/1983"
"908","3.9","06/27/1983"
"909","6","06/28/1983"
"910","4","06/29/1983"
"911","5.5","06/30/1983"
"912","8.5","07/01/1983"
"913","9.8","07/02/1983"
"914","9.5","07/03/1983"
"915","7.2","07/04/1983"
"916","8.1","07/05/1983"
"917","8","07/06/1983"
"918","8.5","07/07/1983"
"919","8.8","07/08/1983"
"920","8.3","07/09/1983"
"921","2.4","07/10/1983"
"922","4.9","07/11/1983"
"923","5.9","07/12/1983"
"924","6.7","07/13/1983"
"925","8.4","07/14/1983"
"926","6.5","07/15/1983"
"927","7.9","07/16/1983"
"928","4.1","07/17/1983"
"929","5.4","07/18/1983"
"930","7.5","07/19/1983"
"931","3.9","07/20/1983"
"932","2.5","07/21/1983"
"933","5.3","07/22/1983"
"934","6.6","07/23/1983"
"935","0","07/24/1983"
"936","0.7","07/25/1983"
"937","7.6","07/26/1983"
"938","12.3","07/27/1983"
"939","9.2","07/28/1983"
"940","9.6","07/29/1983"
"941","9.5","07/30/1983"
"942","10","07/31/1983"
"943","7.7","08/01/1983"
"944","8","08/02/1983"
"945","8.3","08/03/1983"
"946","8.3","08/04/1983"
"947","4.5","08/05/1983"
"948","6.5","08/06/1983"
"949","9.4","08/07/1983"
"950","9.4","08/08/1983"
"951","10.5","08/09/1983"
"952","10.7","08/10/1983"
"953","9.9","08/11/1983"
"954","7.6","08/12/1983"
"955","5.8","08/13/1983"
"956","8.5","08/14/1983"
"957","13.8","08/15/1983"
"958","14.3","08/16/1983"
"959","8.3","08/17/1983"
"960","5.3","08/18/1983"
"961","3","08/19/1983"
"962","5.2","08/20/1983"
"963","10.3","08/21/1983"
"964","11.1","08/22/1983"
"965","10.5","08/23/1983"
"966","9","08/24/1983"
"967","13","08/25/1983"
"968","6.4","08/26/1983"
"969","8.4","08/27/1983"
"970","6.7","08/28/1983"
"971","8.3","08/29/1983"
"972","11.2","08/30/1983"
"973","10","08/31/1983"
"974","10.1","09/01/1983"
"975","10.6","09/02/1983"
"976","10.9","09/03/1983"
"977","5.7","09/04/1983"
"978","9.5","09/05/1983"
"979","10.4","09/06/1983"
"980","11.1","09/07/1983"
"981","12.2","09/08/1983"
"982","10.6","09/09/1983"
"983","8.8","09/10/1983"
"984","9.2","09/11/1983"
"985","5.5","09/12/1983"
"986","7.1","09/13/1983"
"987","6.5","09/14/1983"
"988","4.3","09/15/1983"
"989","5","09/16/1983"
"990","11.2","09/17/1983"
"991","7.5","09/18/1983"
"992","12","09/19/1983"
"993","13.6","09/20/1983"
"994","8.3","09/21/1983"
"995","8.5","09/22/1983"
"996","12.9","09/23/1983"
"997","7.7","09/24/1983"
"998","7.6","09/25/1983"
"999","3.5","09/26/1983"
"1000","10.4","09/27/1983"
"1001","15.4","09/28/1983"
"1002","10.6","09/29/1983"
"1003","9.6","09/30/1983"
"1004","9.3","10/01/1983"
"1005","13.9","10/02/1983"
"1006","7.7","10/03/1983"
"1007","9.5","10/04/1983"
"1008","7.6","10/05/1983"
"1009","6.9","10/06/1983"
"1010","6.8","10/07/1983"
"1011","5.8","10/08/1983"
"1012","6","10/09/1983"
"1013","8.3","10/10/1983"
"1014","9.1","10/11/1983"
"1015","12.5","10/12/1983"
"1016","13.2","10/13/1983"
"1017","16.2","10/14/1983"
"1018","12.5","10/15/1983"
"1019","11.8","10/16/1983"
"1020","10.6","10/17/1983"
"1021","10","10/18/1983"
"1022","12.2","10/19/1983"
"1023","8.9","10/20/1983"
"1024","10.3","10/21/1983"
"1025","7.5","10/22/1983"
"1026","11.6","10/23/1983"
"1027","12.6","10/24/1983"
"1028","12.9","10/25/1983"
"1029","11.7","10/26/1983"
"1030","14","10/27/1983"
"1031","12.3","10/28/1983"
"1032","9","10/29/1983"
"1033","9.2","10/30/1983"
"1034","9.8","10/31/1983"
"1035","11.8","11/01/1983"
"1036","10.6","11/02/1983"
"1037","12.6","11/03/1983"
"1038","11","11/04/1983"
"1039","8.2","11/05/1983"
"1040","7.5","11/06/1983"
"1041","13.6","11/07/1983"
"1042","14.8","11/08/1983"
"1043","10.9","11/09/1983"
"1044","7.7","11/10/1983"
"1045","10.2","11/11/1983"
"1046","10.8","11/12/1983"
"1047","10.8","11/13/1983"
"1048","12.5","11/14/1983"
"1049","13.2","11/15/1983"
"1050","8.7","11/16/1983"
"1051","5.7","11/17/1983"
"1052","9.8","11/18/1983"
"1053","7.3","11/19/1983"
"1054","10.8","11/20/1983"
"1055","10","11/21/1983"
"1056","16.2","11/22/1983"
"1057","15","11/23/1983"
"1058","14.5","11/24/1983"
"1059","15.9","11/25/1983"
"1060","14.9","11/26/1983"
"1061","14.2","11/27/1983"
"1062","15.8","11/28/1983"
"1063","17.2","11/29/1983"
"1064","17.6","11/30/1983"
"1065","12.1","12/01/1983"
"1066","11.4","12/02/1983"
"1067","13","12/03/1983"
"1068","13.2","12/04/1983"
"1069","12","12/05/1983"
"1070","15.3","12/06/1983"
"1071","12.7","12/07/1983"
"1072","12.1","12/08/1983"
"1073","13.8","12/09/1983"
"1074","10.9","12/10/1983"
"1075","12","12/11/1983"
"1076","16.5","12/12/1983"
"1077","15","12/13/1983"
"1078","11.2","12/14/1983"
"1079","13.9","12/15/1983"
"1080","15","12/16/1983"
"1081","14.8","12/17/1983"
"1082","15","12/18/1983"
"1083","13.3","12/19/1983"
"1084","20.4","12/20/1983"
"1085","18","12/21/1983"
"1086","12.2","12/22/1983"
"1087","16.7","12/23/1983"
"1088","13.8","12/24/1983"
"1089","17.5","12/25/1983"
"1090","15","12/26/1983"
"1091","13.9","12/27/1983"
"1092","11.1","12/28/1983"
"1093","16.1","12/29/1983"
"1094","20.4","12/30/1983"
"1095","18","12/31/1983"
"1096","19.5","01/01/1984"
"1097","17.1","01/02/1984"
"1098","17.1","01/03/1984"
"1099","12","01/04/1984"
"1100","11","01/05/1984"
"1101","16.3","01/06/1984"
"1102","16.1","01/07/1984"
"1103","13","01/08/1984"
"1104","13.4","01/09/1984"
"1105","15.2","01/10/1984"
"1106","12.5","01/11/1984"
"1107","14.3","01/12/1984"
"1108","16.5","01/13/1984"
"1109","18.6","01/14/1984"
"1110","18","01/15/1984"
"1111","18.2","01/16/1984"
"1112","11.4","01/17/1984"
"1113","11.9","01/18/1984"
"1114","12.2","01/19/1984"
"1115","14.8","01/20/1984"
"1116","13.1","01/21/1984"
"1117","12.7","01/22/1984"
"1118","10.5","01/23/1984"
"1119","13.8","01/24/1984"
"1120","18.8","01/25/1984"
"1121","13.9","01/26/1984"
"1122","11.2","01/27/1984"
"1123","10.6","01/28/1984"
"1124","14.7","01/29/1984"
"1125","13.1","01/30/1984"
"1126","12.1","01/31/1984"
"1127","14.7","02/01/1984"
"1128","11.1","02/02/1984"
"1129","13","02/03/1984"
"1130","15.6","02/04/1984"
"1131","14.2","02/05/1984"
"1132","15.5","02/06/1984"
"1133","18","02/07/1984"
"1134","15","02/08/1984"
"1135","15.9","02/09/1984"
"1136","15.5","02/10/1984"
"1137","15.8","02/11/1984"
"1138","16.6","02/12/1984"
"1139","13.6","02/13/1984"
"1140","13.8","02/14/1984"
"1141","14.6","02/15/1984"
"1142","15.6","02/16/1984"
"1143","16.6","02/17/1984"
"1144","14.3","02/18/1984"
"1145","16.3","02/19/1984"
"1146","18.9","02/20/1984"
"1147","18.7","02/21/1984"
"1148","14.5","02/22/1984"
"1149","16.5","02/23/1984"
"1150","14.1","02/24/1984"
"1151","13.5","02/25/1984"
"1152","11.7","02/26/1984"
"1153","15.1","02/27/1984"
"1154","11.2","02/28/1984"
"1155","13.5","02/29/1984"
"1156","12.6","03/01/1984"
"1157","8.8","03/02/1984"
"1158","10.5","03/03/1984"
"1159","12.1","03/04/1984"
"1160","14.5","03/05/1984"
"1161","19.5","03/06/1984"
"1162","14","03/07/1984"
"1163","13.8","03/08/1984"
"1164","10.5","03/09/1984"
"1165","13.8","03/10/1984"
"1166","11.4","03/11/1984"
"1167","15.6","03/12/1984"
"1168","11.1","03/13/1984"
"1169","12.1","03/14/1984"
"1170","14.2","03/15/1984"
"1171","10.9","03/16/1984"
"1172","14.2","03/17/1984"
"1173","13.8","03/18/1984"
"1174","15.1","03/19/1984"
"1175","14","03/20/1984"
"1176","12.1","03/21/1984"
"1177","13.8","03/22/1984"
"1178","16.6","03/23/1984"
"1179","17.8","03/24/1984"
"1180","9.4","03/25/1984"
"1181","10.2","03/26/1984"
"1182","7.4","03/27/1984"
"1183","8.7","03/28/1984"
"1184","14","03/29/1984"
"1185","15.3","03/30/1984"
"1186","11.1","03/31/1984"
"1187","9.7","04/01/1984"
"1188","10.3","04/02/1984"
"1189","9.2","04/03/1984"
"1190","8.2","04/04/1984"
"1191","9.7","04/05/1984"
"1192","12.4","04/06/1984"
"1193","12.5","04/07/1984"
"1194","9","04/08/1984"
"1195","9.7","04/09/1984"
"1196","10.1","04/10/1984"
"1197","11.2","04/11/1984"
"1198","12","04/12/1984"
"1199","11.1","04/13/1984"
"1200","10.8","04/14/1984"
"1201","12.8","04/15/1984"
"1202","9.8","04/16/1984"
"1203","13.7","04/17/1984"
"1204","11","04/18/1984"
"1205","13.2","04/19/1984"
"1206","13","04/20/1984"
"1207","10.2","04/21/1984"
"1208","13.2","04/22/1984"
"1209","9.3","04/23/1984"
"1210","11.1","04/24/1984"
"1211","10.3","04/25/1984"
"1212","8.7","04/26/1984"
"1213","11.7","04/27/1984"
"1214","12.5","04/28/1984"
"1215","6.5","04/29/1984"
"1216","9.6","04/30/1984"
"1217","13.8","05/01/1984"
"1218","14.7","05/02/1984"
"1219","9.1","05/03/1984"
"1220","4.8","05/04/1984"
"1221","3.3","05/05/1984"
"1222","3.5","05/06/1984"
"1223","5.7","05/07/1984"
"1224","5.5","05/08/1984"
"1225","7","05/09/1984"
"1226","9.5","05/10/1984"
"1227","9.9","05/11/1984"
"1228","4.9","05/12/1984"
"1229","6.3","05/13/1984"
"1230","4.8","05/14/1984"
"1231","6.2","05/15/1984"
"1232","7.1","05/16/1984"
"1233","7.5","05/17/1984"
"1234","9.4","05/18/1984"
"1235","8.7","05/19/1984"
"1236","9.5","05/20/1984"
"1237","12.1","05/21/1984"
"1238","9.5","05/22/1984"
"1239","9.3","05/23/1984"
"1240","8.5","05/24/1984"
"1241","8","05/25/1984"
"1242","9.8","05/26/1984"
"1243","6.2","05/27/1984"
"1244","7.3","05/28/1984"
"1245","10.9","05/29/1984"
"1246","10","05/30/1984"
"1247","8.7","05/31/1984"
"1248","9","06/01/1984"
"1249","10.8","06/02/1984"
"1250","12.4","06/03/1984"
"1251","7.2","06/04/1984"
"1252","7.2","06/05/1984"
"1253","11.1","06/06/1984"
"1254","9.3","06/07/1984"
"1255","10.1","06/08/1984"
"1256","3.9","06/09/1984"
"1257","5","06/10/1984"
"1258","8.2","06/11/1984"
"1259","2.8","06/12/1984"
"1260","4.3","06/13/1984"
"1261","8.1","06/14/1984"
"1262","11.1","06/15/1984"
"1263","4.7","06/16/1984"
"1264","5.3","06/17/1984"
"1265","10","06/18/1984"
"1266","5.6","06/19/1984"
"1267","2.2","06/20/1984"
"1268","7.1","06/21/1984"
"1269","8.3","06/22/1984"
"1270","8.6","06/23/1984"
"1271","10.1","06/24/1984"
"1272","8.3","06/25/1984"
"1273","7.2","06/26/1984"
"1274","7.7","06/27/1984"
"1275","7.8","06/28/1984"
"1276","9.1","06/29/1984"
"1277","9.4","06/30/1984"
"1278","7.8","07/01/1984"
"1279","2.6","07/02/1984"
"1280","2.4","07/03/1984"
"1281","3.9","07/04/1984"
"1282","1.3","07/05/1984"
"1283","2.1","07/06/1984"
"1284","7.4","07/07/1984"
"1285","7.2","07/08/1984"
"1286","8.8","07/09/1984"
"1287","8.9","07/10/1984"
"1288","8.8","07/11/1984"
"1289","8","07/12/1984"
"1290","0.7","07/13/1984"
"1291","0","07/14/1984"
"1292","0.9","07/15/1984"
"1293","7.8","07/16/1984"
"1294","7.2","07/17/1984"
"1295","8","07/18/1984"
"1296","4.6","07/19/1984"
"1297","5.2","07/20/1984"
"1298","5.8","07/21/1984"
"1299","6.8","07/22/1984"
"1300","8.1","07/23/1984"
"1301","7.5","07/24/1984"
"1302","5.4","07/25/1984"
"1303","4.6","07/26/1984"
"1304","6.4","07/27/1984"
"1305","9.7","07/28/1984"
"1306","7","07/29/1984"
"1307","10","07/30/1984"
"1308","10.6","07/31/1984"
"1309","11.5","08/01/1984"
"1310","10.2","08/02/1984"
"1311","11.1","08/03/1984"
"1312","11","08/04/1984"
"1313","8.9","08/05/1984"
"1314","9.9","08/06/1984"
"1315","11.7","08/07/1984"
"1316","11.6","08/08/1984"
"1317","9","08/09/1984"
"1318","6.3","08/10/1984"
"1319","8.7","08/11/1984"
"1320","8.5","08/12/1984"
"1321","8.5","08/13/1984"
"1322","8","08/14/1984"
"1323","6","08/15/1984"
"1324","8","08/16/1984"
"1325","8.5","08/17/1984"
"1326","7.7","08/18/1984"
"1327","8.4","08/19/1984"
"1328","9","08/20/1984"
"1329","8.3","08/21/1984"
"1330","6.8","08/22/1984"
"1331","9.3","08/23/1984"
"1332","6.7","08/24/1984"
"1333","9","08/25/1984"
"1334","7.3","08/26/1984"
"1335","6.3","08/27/1984"
"1336","7.9","08/28/1984"
"1337","5.2","08/29/1984"
"1338","9","08/30/1984"
"1339","11.3","08/31/1984"
"1340","9.2","09/01/1984"
"1341","11.3","09/02/1984"
"1342","7","09/03/1984"
"1343","8","09/04/1984"
"1344","4.6","09/05/1984"
"1345","8.5","09/06/1984"
"1346","9.5","09/07/1984"
"1347","9.4","09/08/1984"
"1348","10.5","09/09/1984"
"1349","9.7","09/10/1984"
"1350","4.9","09/11/1984"
"1351","8","09/12/1984"
"1352","5.8","09/13/1984"
"1353","5.5","09/14/1984"
"1354","10.9","09/15/1984"
"1355","11.7","09/16/1984"
"1356","9.2","09/17/1984"
"1357","8.9","09/18/1984"
"1358","11.3","09/19/1984"
"1359","8.6","09/20/1984"
"1360","6.2","09/21/1984"
"1361","6.6","09/22/1984"
"1362","9.1","09/23/1984"
"1363","6.1","09/24/1984"
"1364","7.5","09/25/1984"
"1365","10.7","09/26/1984"
"1366","6.3","09/27/1984"
"1367","5.5","09/28/1984"
"1368","6.7","09/29/1984"
"1369","4.2","09/30/1984"
"1370","11.3","10/01/1984"
"1371","16.3","10/02/1984"
"1372","10.5","10/03/1984"
"1373","10.3","10/04/1984"
"1374","7.9","10/05/1984"
"1375","7.7","10/06/1984"
"1376","16","10/07/1984"
"1377","14.6","10/08/1984"
"1378","12.5","10/09/1984"
"1379","8.1","10/10/1984"
"1380","12.2","10/11/1984"
"1381","17.2","10/12/1984"
"1382","9.4","10/13/1984"
"1383","8.7","10/14/1984"
"1384","5.9","10/15/1984"
"1385","4.8","10/16/1984"
"1386","7.4","10/17/1984"
"1387","9.4","10/18/1984"
"1388","9.7","10/19/1984"
"1389","9.9","10/20/1984"
"1390","6.5","10/21/1984"
"1391","9.8","10/22/1984"
"1392","18.2","10/23/1984"
"1393","11.3","10/24/1984"
"1394","9.1","10/25/1984"
"1395","9.6","10/26/1984"
"1396","13.5","10/27/1984"
"1397","10.7","10/28/1984"
"1398","10","10/29/1984"
"1399","8.5","10/30/1984"
"1400","12.6","10/31/1984"
"1401","16.6","11/01/1984"
"1402","11.6","11/02/1984"
"1403","12.2","11/03/1984"
"1404","11.2","11/04/1984"
"1405","9.2","11/05/1984"
"1406","9.9","11/06/1984"
"1407","11.9","11/07/1984"
"1408","15.6","11/08/1984"
"1409","19","11/09/1984"
"1410","12.8","11/10/1984"
"1411","12.2","11/11/1984"
"1412","12","11/12/1984"
"1413","11.1","11/13/1984"
"1414","11.8","11/14/1984"
"1415","7.6","11/15/1984"
"1416","13","11/16/1984"
"1417","12.7","11/17/1984"
"1418","16","11/18/1984"
"1419","14.8","11/19/1984"
"1420","14.2","11/20/1984"
"1421","10","11/21/1984"
"1422","8.8","11/22/1984"
"1423","11.6","11/23/1984"
"1424","8.6","11/24/1984"
"1425","14.6","11/25/1984"
"1426","24.3","11/26/1984"
"1427","11.6","11/27/1984"
"1428","10.8","11/28/1984"
"1429","12","11/29/1984"
"1430","11","11/30/1984"
"1431","12.6","12/01/1984"
"1432","10.8","12/02/1984"
"1433","9.1","12/03/1984"
"1434","11","12/04/1984"
"1435","13","12/05/1984"
"1436","12.8","12/06/1984"
"1437","9.9","12/07/1984"
"1438","11.6","12/08/1984"
"1439","10.5","12/09/1984"
"1440","15.9","12/10/1984"
"1441","12.2","12/11/1984"
"1442","13","12/12/1984"
"1443","12.5","12/13/1984"
"1444","12.5","12/14/1984"
"1445","11.4","12/15/1984"
"1446","12.1","12/16/1984"
"1447","16.8","12/17/1984"
"1448","12.1","12/18/1984"
"1449","11.3","12/19/1984"
"1450","10.4","12/20/1984"
"1451","14.2","12/21/1984"
"1452","11.4","12/22/1984"
"1453","13.7","12/23/1984"
"1454","16.5","12/24/1984"
"1455","12.8","12/25/1984"
"1456","12.2","12/26/1984"
"1457","12","12/27/1984"
"1458","12.6","12/28/1984"
"1459","16","12/29/1984"
"1460","16.4","12/30/1984"
"1461","13.3","01/01/1985"
"1462","15.2","01/02/1985"
"1463","13.1","01/03/1985"
"1464","12.7","01/04/1985"
"1465","14.6","01/05/1985"
"1466","11","01/06/1985"
"1467","13.2","01/07/1985"
"1468","12.2","01/08/1985"
"1469","14.4","01/09/1985"
"1470","13.7","01/10/1985"
"1471","14.5","01/11/1985"
"1472","14.1","01/12/1985"
"1473","14.4","01/13/1985"
"1474","19.7","01/14/1985"
"1475","16.5","01/15/1985"
"1476","15.9","01/16/1985"
"1477","11.8","01/17/1985"
"1478","12","01/18/1985"
"1479","11.4","01/19/1985"
"1480","14.4","01/20/1985"
"1481","12.4","01/21/1985"
"1482","15.1","01/22/1985"
"1483","15.6","01/23/1985"
"1484","15.2","01/24/1985"
"1485","12.8","01/25/1985"
"1486","13.3","01/26/1985"
"1487","17.5","01/27/1985"
"1488","15.4","01/28/1985"
"1489","13.5","01/29/1985"
"1490","16.7","01/30/1985"
"1491","15.2","01/31/1985"
"1492","14.9","02/01/1985"
"1493","10.2","02/02/1985"
"1494","13.6","02/03/1985"
"1495","19","02/04/1985"
"1496","15.7","02/05/1985"
"1497","18","02/06/1985"
"1498","14.8","02/07/1985"
"1499","13.9","02/08/1985"
"1500","13","02/09/1985"
"1501","15.3","02/10/1985"
"1502","14.3","02/11/1985"
"1503","15.6","02/12/1985"
"1504","16","02/13/1985"
"1505","14.9","02/14/1985"
"1506","11.1","02/15/1985"
"1507","14.8","02/16/1985"
"1508","13","02/17/1985"
"1509","12.2","02/18/1985"
"1510","10.9","02/19/1985"
"1511","14.6","02/20/1985"
"1512","16.6","02/21/1985"
"1513","18.1","02/22/1985"
"1514","13.4","02/23/1985"
"1515","10.3","02/24/1985"
"1516","13.6","02/25/1985"
"1517","13.8","02/26/1985"
"1518","10.3","02/27/1985"
"1519","11","02/28/1985"
"1520","14.3","03/01/1985"
"1521","15.5","03/02/1985"
"1522","14.7","03/03/1985"
"1523","12.7","03/04/1985"
"1524","10.7","03/05/1985"
"1525","12.6","03/06/1985"
"1526","9.8","03/07/1985"
"1527","13.2","03/08/1985"
"1528","15.2","03/09/1985"
"1529","16.6","03/10/1985"
"1530","21","03/11/1985"
"1531","22.4","03/12/1985"
"1532","17","03/13/1985"
"1533","21.7","03/14/1985"
"1534","21.4","03/15/1985"
"1535","18.6","03/16/1985"
"1536","16.2","03/17/1985"
"1537","16.8","03/18/1985"
"1538","17","03/19/1985"
"1539","18.4","03/20/1985"
"1540","17.2","03/21/1985"
"1541","18.4","03/22/1985"
"1542","18.8","03/23/1985"
"1543","16.5","03/24/1985"
"1544","13.3","03/25/1985"
"1545","12.2","03/26/1985"
"1546","11.3","03/27/1985"
"1547","13.8","03/28/1985"
"1548","16.6","03/29/1985"
"1549","14","03/30/1985"
"1550","14.3","03/31/1985"
"1551","16.4","04/01/1985"
"1552","11.9","04/02/1985"
"1553","15.7","04/03/1985"
"1554","17.6","04/04/1985"
"1555","17.5","04/05/1985"
"1556","15.9","04/06/1985"
"1557","16.2","04/07/1985"
"1558","16","04/08/1985"
"1559","15.9","04/09/1985"
"1560","16.2","04/10/1985"
"1561","16.2","04/11/1985"
"1562","19.5","04/12/1985"
"1563","18.2","04/13/1985"
"1564","21.8","04/14/1985"
"1565","15.1","04/15/1985"
"1566","11","04/16/1985"
"1567","8.1","04/17/1985"
"1568","9.5","04/18/1985"
"1569","9.3","04/19/1985"
"1570","10.6","04/20/1985"
"1571","6.3","04/21/1985"
"1572","8.6","04/22/1985"
"1573","6.8","04/23/1985"
"1574","8.7","04/24/1985"
"1575","8.4","04/25/1985"
"1576","9.3","04/26/1985"
"1577","10","04/27/1985"
"1578","10.5","04/28/1985"
"1579","12","04/29/1985"
"1580","10.1","04/30/1985"
"1581","9.4","05/01/1985"
"1582","10.1","05/02/1985"
"1583","8","05/03/1985"
"1584","10.6","05/04/1985"
"1585","13.6","05/05/1985"
"1586","15.4","05/06/1985"
"1587","9","05/07/1985"
"1588","10.4","05/08/1985"
"1589","11","05/09/1985"
"1590","12.1","05/10/1985"
"1591","13.4","05/11/1985"
"1592","11.3","05/12/1985"
"1593","6.7","05/13/1985"
"1594","9.8","05/14/1985"
"1595","10.8","05/15/1985"
"1596","7.8","05/16/1985"
"1597","4.5","05/17/1985"
"1598","7.6","05/18/1985"
"1599","6.9","05/19/1985"
"1600","7.5","05/20/1985"
"1601","8.5","05/21/1985"
"1602","5.5","05/22/1985"
"1603","9.5","05/23/1985"
"1604","7.3","05/24/1985"
"1605","5.4","05/25/1985"
"1606","5.5","05/26/1985"
"1607","8.1","05/27/1985"
"1608","11.2","05/28/1985"
"1609","13.4","05/29/1985"
"1610","11.6","05/30/1985"
"1611","10.1","05/31/1985"
"1612","4.3","06/01/1985"
"1613","5.5","06/02/1985"
"1614","4.4","06/03/1985"
"1615","5.9","06/04/1985"
"1616","5.7","06/05/1985"
"1617","8.2","06/06/1985"
"1618","8.2","06/07/1985"
"1619","4.2","06/08/1985"
"1620","6.5","06/09/1985"
"1621","10","06/10/1985"
"1622","8.8","06/11/1985"
"1623","6.6","06/12/1985"
"1624","7.8","06/13/1985"
"1625","10.1","06/14/1985"
"1626","7.1","06/15/1985"
"1627","7.7","06/16/1985"
"1628","8.5","06/17/1985"
"1629","7.3","06/18/1985"
"1630","6.9","06/19/1985"
"1631","8.4","06/20/1985"
"1632","7.1","06/21/1985"
"1633","6.3","06/22/1985"
"1634","0.6","06/23/1985"
"1635","1.6","06/24/1985"
"1636","7","06/25/1985"
"1637","8.3","06/26/1985"
"1638","8","06/27/1985"
"1639","10.2","06/28/1985"
"1640","10.6","06/29/1985"
"1641","10.4","06/30/1985"
"1642","11.6","07/01/1985"
"1643","11","07/02/1985"
"1644","10.7","07/03/1985"
"1645","7.3","07/04/1985"
"1646","4.2","07/05/1985"
"1647","4.7","07/06/1985"
"1648","5.6","07/07/1985"
"1649","7.7","07/08/1985"
"1650","7.5","07/09/1985"
"1651","4.9","07/10/1985"
"1652","5.9","07/11/1985"
"1653","7.8","07/12/1985"
"1654","5.8","07/13/1985"
"1655","7","07/14/1985"
"1656","8.4","07/15/1985"
"1657","6.2","07/16/1985"
"1658","7.5","07/17/1985"
"1659","4.8","07/18/1985"
"1660","3.3","07/19/1985"
"1661","3.2","07/20/1985"
"1662","7","07/21/1985"
"1663","8.4","07/22/1985"
"1664","0.3","07/23/1985"
"1665","0.3","07/24/1985"
"1666","2.1","07/25/1985"
"1667","8.5","07/26/1985"
"1668","1.4","07/27/1985"
"1669","4.1","07/28/1985"
"1670","10.3","07/29/1985"
"1671","6.6","07/30/1985"
"1672","6.1","07/31/1985"
"1673","7","08/01/1985"
"1674","5.1","08/02/1985"
"1675","6.3","08/03/1985"
"1676","6.9","08/04/1985"
"1677","11.4","08/05/1985"
"1678","10.4","08/06/1985"
"1679","10.3","08/07/1985"
"1680","9.2","08/08/1985"
"1681","7.2","08/09/1985"
"1682","7.5","08/10/1985"
"1683","4","08/11/1985"
"1684","5.6","08/12/1985"
"1685","6.7","08/13/1985"
"1686","8.4","08/14/1985"
"1687","11","08/15/1985"
"1688","8.4","08/16/1985"
"1689","8.8","08/17/1985"
"1690","8.6","08/18/1985"
"1691","8.3","08/19/1985"
"1692","4","08/20/1985"
"1693","3.6","08/21/1985"
"1694","5.7","08/22/1985"
"1695","10.6","08/23/1985"
"1696","6.9","08/24/1985"
"1697","10","08/25/1985"
"1698","9.8","08/26/1985"
"1699","7.2","08/27/1985"
"1700","10.5","08/28/1985"
"1701","3.6","08/29/1985"
"1702","5.3","08/30/1985"
"1703","8.4","08/31/1985"
"1704","10.3","09/01/1985"
"1705","7.9","09/02/1985"
"1706","8.5","09/03/1985"
"1707","7.9","09/04/1985"
"1708","8","09/05/1985"
"1709","9.8","09/06/1985"
"1710","6.7","09/07/1985"
"1711","4.8","09/08/1985"
"1712","9.9","09/09/1985"
"1713","12.8","09/10/1985"
"1714","10.9","09/11/1985"
"1715","11.7","09/12/1985"
"1716","11.7","09/13/1985"
"1717","11","09/14/1985"
"1718","8.2","09/15/1985"
"1719","7.5","09/16/1985"
"1720","5.4","09/17/1985"
"1721","7.2","09/18/1985"
"1722","9.7","09/19/1985"
"1723","8.4","09/20/1985"
"1724","9","09/21/1985"
"1725","8.7","09/22/1985"
"1726","6.6","09/23/1985"
"1727","11.6","09/24/1985"
"1728","13.1","09/25/1985"
"1729","6.7","09/26/1985"
"1730","6.5","09/27/1985"
"1731","7.7","09/28/1985"
"1732","8.7","09/29/1985"
"1733","7.2","09/30/1985"
"1734","10.5","10/01/1985"
"1735","8.6","10/02/1985"
"1736","7.2","10/03/1985"
"1737","11.4","10/04/1985"
"1738","16.2","10/05/1985"
"1739","6.1","10/06/1985"
"1740","9.6","10/07/1985"
"1741","11.1","10/08/1985"
"1742","13.6","10/09/1985"
"1743","10.7","10/10/1985"
"1744","14.7","10/11/1985"
"1745","11.6","10/12/1985"
"1746","7.3","10/13/1985"
"1747","8","10/14/1985"
"1748","9.6","10/15/1985"
"1749","16","10/16/1985"
"1750","15.1","10/17/1985"
"1751","12.8","10/18/1985"
"1752","6.2","10/19/1985"
"1753","7.1","10/20/1985"
"1754","8.4","10/21/1985"
"1755","10","10/22/1985"
"1756","12.7","10/23/1985"
"1757","10","10/24/1985"
"1758","10.2","10/25/1985"
"1759","6.5","10/26/1985"
"1760","9.2","10/27/1985"
"1761","11.9","10/28/1985"
"1762","14.7","10/29/1985"
"1763","11.4","10/30/1985"
"1764","6.8","10/31/1985"
"1765","7.4","11/01/1985"
"1766","11.2","11/02/1985"
"1767","9.2","11/03/1985"
"1768","12.6","11/04/1985"
"1769","16","11/05/1985"
"1770","17.1","11/06/1985"
"1771","15.3","11/07/1985"
"1772","13.3","11/08/1985"
"1773","15.4","11/09/1985"
"1774","13.2","11/10/1985"
"1775","14.4","11/11/1985"
"1776","14","11/12/1985"
"1777","15.5","11/13/1985"
"1778","21","11/14/1985"
"1779","10","11/15/1985"
"1780","9.6","11/16/1985"
"1781","12","11/17/1985"
"1782","12.2","11/18/1985"
"1783","11.3","11/19/1985"
"1784","13.2","11/20/1985"
"1785","10.5","11/21/1985"
"1786","10.1","11/22/1985"
"1787","8.8","11/23/1985"
"1788","13.7","11/24/1985"
"1789","16.2","11/25/1985"
"1790","16","11/26/1985"
"1791","14","11/27/1985"
"1792","13.7","11/28/1985"
"1793","12.5","11/29/1985"
"1794","12.8","11/30/1985"
"1795","12.3","12/01/1985"
"1796","15.2","12/02/1985"
"1797","15","12/03/1985"
"1798","16.4","12/04/1985"
"1799","16.1","12/05/1985"
"1800","14.6","12/06/1985"
"1801","18.2","12/07/1985"
"1802","16.4","12/08/1985"
"1803","16.6","12/09/1985"
"1804","14.7","12/10/1985"
"1805","15.8","12/11/1985"
"1806","14.1","12/12/1985"
"1807","13.5","12/13/1985"
"1808","13.6","12/14/1985"
"1809","13.7","12/15/1985"
"1810","13.6","12/16/1985"
"1811","12.1","12/17/1985"
"1812","12.7","12/18/1985"
"1813","13.3","12/19/1985"
"1814","14.2","12/20/1985"
"1815","15","12/21/1985"
"1816","13.7","12/22/1985"
"1817","12","12/23/1985"
"1818","13.1","12/24/1985"
"1819","13.2","12/25/1985"
"1820","13.3","12/26/1985"
"1821","11.5","12/27/1985"
"1822","10.8","12/28/1985"
"1823","12","12/29/1985"
"1824","16.3","12/30/1985"
"1825","14.4","12/31/1985"
"1826","12.9","01/01/1986"
"1827","13.8","01/02/1986"
"1828","10.6","01/03/1986"
"1829","12.6","01/04/1986"
"1830","13.7","01/05/1986"
"1831","12.6","01/06/1986"
"1832","13.1","01/07/1986"
"1833","15.4","01/08/1986"
"1834","11.9","01/09/1986"
"1835","13.8","01/10/1986"
"1836","14.4","01/11/1986"
"1837","15.2","01/12/1986"
"1838","12.5","01/13/1986"
"1839","12.2","01/14/1986"
"1840","16.1","01/15/1986"
"1841","14.6","01/16/1986"
"1842","11.6","01/17/1986"
"1843","13.1","01/18/1986"
"1844","12.8","01/19/1986"
"1845","15.2","01/20/1986"
"1846","13.8","01/21/1986"
"1847","15","01/22/1986"
"1848","13.5","01/23/1986"
"1849","11.8","01/24/1986"
"1850","15.3","01/25/1986"
"1851","13.5","01/26/1986"
"1852","15.3","01/27/1986"
"1853","13.8","01/28/1986"
"1854","15.8","01/29/1986"
"1855","17.4","01/30/1986"
"1856","15.3","01/31/1986"
"1857","14.6","02/01/1986"
"1858","14.8","02/02/1986"
"1859","10.7","02/03/1986"
"1860","11.6","02/04/1986"
"1861","13.6","02/05/1986"
"1862","14.4","02/06/1986"
"1863","11.8","02/07/1986"
"1864","15.8","02/08/1986"
"1865","16","02/09/1986"
"1866","11.8","02/10/1986"
"1867","14.5","02/11/1986"
"1868","10.7","02/12/1986"
"1869","14.2","02/13/1986"
"1870","19.5","02/14/1986"
"1871","21.4","02/15/1986"
"1872","17.9","02/16/1986"
"1873","17.4","02/17/1986"
"1874","12.7","02/18/1986"
"1875","13.8","02/19/1986"
"1876","14","02/20/1986"
"1877","15","02/21/1986"
"1878","14.5","02/22/1986"
"1879","13.1","02/23/1986"
"1880","11.4","02/24/1986"
"1881","12.5","02/25/1986"
"1882","12","02/26/1986"
"1883","13.4","02/27/1986"
"1884","14.4","02/28/1986"
"1885","17.7","03/01/1986"
"1886","13.9","03/02/1986"
"1887","13.3","03/03/1986"
"1888","14.6","03/04/1986"
"1889","16.4","03/05/1986"
"1890","16.8","03/06/1986"
"1891","20","03/07/1986"
"1892","12.5","03/08/1986"
"1893","12.7","03/09/1986"
"1894","11.7","03/10/1986"
"1895","12.7","03/11/1986"
"1896","8.6","03/12/1986"
"1897","11.9","03/13/1986"
"1898","16","03/14/1986"
"1899","15.2","03/15/1986"
"1900","13.4","03/16/1986"
"1901","11.6","03/17/1986"
"1902","11.1","03/18/1986"
"1903","15.6","03/19/1986"
"1904","17","03/20/1986"
"1905","18.5","03/21/1986"
"1906","17.4","03/22/1986"
"1907","16.5","03/23/1986"
"1908","16.2","03/24/1986"
"1909","16.1","03/25/1986"
"1910","13.2","03/26/1986"
"1911","18","03/27/1986"
"1912","12.8","03/28/1986"
"1913","11.7","03/29/1986"
"1914","16.7","03/30/1986"
"1915","15.6","03/31/1986"
"1916","10.2","04/01/1986"
"1917","10.3","04/02/1986"
"1918","15","04/03/1986"
"1919","18","04/04/1986"
"1920","13.8","04/05/1986"
"1921","10.5","04/06/1986"
"1922","11.8","04/07/1986"
"1923","7.2","04/08/1986"
"1924","11.6","04/09/1986"
"1925","7.4","04/10/1986"
"1926","14.2","04/11/1986"
"1927","12.2","04/12/1986"
"1928","9","04/13/1986"
"1929","12.3","04/14/1986"
"1930","19.7","04/15/1986"
"1931","12.8","04/16/1986"
"1932","12.4","04/17/1986"
"1933","12","04/18/1986"
"1934","12","04/19/1986"
"1935","11.1","04/20/1986"
"1936","12.7","04/21/1986"
"1937","14.2","04/22/1986"
"1938","11.6","04/23/1986"
"1939","12","04/24/1986"
"1940","11.5","04/25/1986"
"1941","8.3","04/26/1986"
"1942","10.5","04/27/1986"
"1943","9","04/28/1986"
"1944","6.9","04/29/1986"
"1945","9.4","04/30/1986"
"1946","11.1","05/01/1986"
"1947","9.1","05/02/1986"
"1948","7.7","05/03/1986"
"1949","10","05/04/1986"
"1950","10.4","05/05/1986"
"1951","8","05/06/1986"
"1952","9.8","05/07/1986"
"1953","12.4","05/08/1986"
"1954","12.9","05/09/1986"
"1955","12.3","05/10/1986"
"1956","6.9","05/11/1986"
"1957","10.5","05/12/1986"
"1958","11","05/13/1986"
"1959","9.7","05/14/1986"
"1960","11.1","05/15/1986"
"1961","11.5","05/16/1986"
"1962","13.4","05/17/1986"
"1963","10.9","05/18/1986"
"1964","12","05/19/1986"
"1965","12.1","05/20/1986"
"1966","10.4","05/21/1986"
"1967","10","05/22/1986"
"1968","9.6","05/23/1986"
"1969","11.3","05/24/1986"
"1970","8.5","05/25/1986"
"1971","6.3","05/26/1986"
"1972","8.2","05/27/1986"
"1973","10.7","05/28/1986"
"1974","10.3","05/29/1986"
"1975","9.5","05/30/1986"
"1976","10.9","05/31/1986"
"1977","10.9","06/01/1986"
"1978","4.3","06/02/1986"
"1979","5.2","06/03/1986"
"1980","11","06/04/1986"
"1981","11.6","06/05/1986"
"1982","10.6","06/06/1986"
"1983","9.4","06/07/1986"
"1984","10","06/08/1986"
"1985","9.6","06/09/1986"
"1986","9.5","06/10/1986"
"1987","9.7","06/11/1986"
"1988","9.6","06/12/1986"
"1989","7","06/13/1986"
"1990","7","06/14/1986"
"1991","6.8","06/15/1986"
"1992","6.9","06/16/1986"
"1993","8","06/17/1986"
"1994","7.6","06/18/1986"
"1995","8.6","06/19/1986"
"1996","5.7","06/20/1986"
"1997","5.5","06/21/1986"
"1998","5.7","06/22/1986"
"1999","5.7","06/23/1986"
"2000","6.6","06/24/1986"
"2001","6","06/25/1986"
"2002","6.9","06/26/1986"
"2003","7.7","06/27/1986"
"2004","8","06/28/1986"
"2005","3.9","06/29/1986"
"2006","0.8","06/30/1986"
"2007","2.8","07/01/1986"
"2008","8","07/02/1986"
"2009","9.8","07/03/1986"
"2010","11.4","07/04/1986"
"2011","8.6","07/05/1986"
"2012","5.2","07/06/1986"
"2013","6.6","07/07/1986"
"2014","5.7","07/08/1986"
"2015","4.6","07/09/1986"
"2016","5.8","07/10/1986"
"2017","7","07/11/1986"
"2018","4.8","07/12/1986"
"2019","4.4","07/13/1986"
"2020","4.4","07/14/1986"
"2021","7.9","07/15/1986"
"2022","10.6","07/16/1986"
"2023","5","07/17/1986"
"2024","7.6","07/18/1986"
"2025","9.2","07/19/1986"
"2026","9.7","07/20/1986"
"2027","8.8","07/21/1986"
"2028","6.8","07/22/1986"
"2029","9.4","07/23/1986"
"2030","11","07/24/1986"
"2031","2.5","07/25/1986"
"2032","2.1","07/26/1986"
"2033","5.4","07/27/1986"
"2034","6.2","07/28/1986"
"2035","7.8","07/29/1986"
"2036","7.4","07/30/1986"
"2037","9.3","07/31/1986"
"2038","9.3","08/01/1986"
"2039","9.5","08/02/1986"
"2040","8.5","08/03/1986"
"2041","10","08/04/1986"
"2042","7.7","08/05/1986"
"2043","9.3","08/06/1986"
"2044","9.1","08/07/1986"
"2045","3.5","08/08/1986"
"2046","3.6","08/09/1986"
"2047","2.5","08/10/1986"
"2048","1.7","08/11/1986"
"2049","2.7","08/12/1986"
"2050","2.9","08/13/1986"
"2051","5.3","08/14/1986"
"2052","7.7","08/15/1986"
"2053","9.1","08/16/1986"
"2054","9.4","08/17/1986"
"2055","7.3","08/18/1986"
"2056","8.4","08/19/1986"
"2057","9.2","08/20/1986"
"2058","6.6","08/21/1986"
"2059","9.7","08/22/1986"
"2060","12.4","08/23/1986"
"2061","10.2","08/24/1986"
"2062","5.9","08/25/1986"
"2063","7.1","08/26/1986"
"2064","7.5","08/27/1986"
"2065","9.7","08/28/1986"
"2066","12.2","08/29/1986"
"2067","5.6","08/30/1986"
"2068","5.4","08/31/1986"
"2069","8.3","09/01/1986"
"2070","10.6","09/02/1986"
"2071","9.1","09/03/1986"
"2072","11.3","09/04/1986"
"2073","10.9","09/05/1986"
"2074","8.9","09/06/1986"
"2075","6.3","09/07/1986"
"2076","9","09/08/1986"
"2077","6.1","09/09/1986"
"2078","9.1","09/10/1986"
"2079","9.6","09/11/1986"
"2080","6","09/12/1986"
"2081","10","09/13/1986"
"2082","11","09/14/1986"
"2083","6.2","09/15/1986"
"2084","8.3","09/16/1986"
"2085","11.3","09/17/1986"
"2086","11.3","09/18/1986"
"2087","6.7","09/19/1986"
"2088","6.6","09/20/1986"
"2089","11.4","09/21/1986"
"2090","6.9","09/22/1986"
"2091","10.6","09/23/1986"
"2092","8.6","09/24/1986"
"2093","11.3","09/25/1986"
"2094","12.5","09/26/1986"
"2095","9.9","09/27/1986"
"2096","6.9","09/28/1986"
"2097","5.5","09/29/1986"
"2098","7.8","09/30/1986"
"2099","11","10/01/1986"
"2100","16.2","10/02/1986"
"2101","9.9","10/03/1986"
"2102","8.7","10/04/1986"
"2103","10.5","10/05/1986"
"2104","12.2","10/06/1986"
"2105","10.6","10/07/1986"
"2106","8.3","10/08/1986"
"2107","5.5","10/09/1986"
"2108","9","10/10/1986"
"2109","6.4","10/11/1986"
"2110","7.2","10/12/1986"
"2111","12.9","10/13/1986"
"2112","12","10/14/1986"
"2113","7.3","10/15/1986"
"2114","9.7","10/16/1986"
"2115","8.4","10/17/1986"
"2116","14.7","10/18/1986"
"2117","9.5","10/19/1986"
"2118","7.9","10/20/1986"
"2119","6.8","10/21/1986"
"2120","12.6","10/22/1986"
"2121","5.2","10/23/1986"
"2122","7.5","10/24/1986"
"2123","8.7","10/25/1986"
"2124","7.6","10/26/1986"
"2125","9","10/27/1986"
"2126","7.2","10/28/1986"
"2127","10.7","10/29/1986"
"2128","13.1","10/30/1986"
"2129","13.9","10/31/1986"
"2130","10.8","11/01/1986"
"2131","10.4","11/02/1986"
"2132","9.1","11/03/1986"
"2133","16","11/04/1986"
"2134","21","11/05/1986"
"2135","16.2","11/06/1986"
"2136","8.6","11/07/1986"
"2137","9.2","11/08/1986"
"2138","12.5","11/09/1986"
"2139","9.7","11/10/1986"
"2140","12.5","11/11/1986"
"2141","10.3","11/12/1986"
"2142","12","11/13/1986"
"2143","11","11/14/1986"
"2144","14.8","11/15/1986"
"2145","15","11/16/1986"
"2146","15.3","11/17/1986"
"2147","10.3","11/18/1986"
"2148","10.7","11/19/1986"
"2149","10.5","11/20/1986"
"2150","8.9","11/21/1986"
"2151","8.1","11/22/1986"
"2152","11.5","11/23/1986"
"2153","12.8","11/24/1986"
"2154","9.1","11/25/1986"
"2155","14.6","11/26/1986"
"2156","11.6","11/27/1986"
"2157","11.2","11/28/1986"
"2158","12.6","11/29/1986"
"2159","7.5","11/30/1986"
"2160","11","12/01/1986"
"2161","14.5","12/02/1986"
"2162","18.5","12/03/1986"
"2163","15.4","12/04/1986"
"2164","13.1","12/05/1986"
"2165","16.3","12/06/1986"
"2166","20.2","12/07/1986"
"2167","11.5","12/08/1986"
"2168","12.4","12/09/1986"
"2169","10.9","12/10/1986"
"2170","12.7","12/11/1986"
"2171","12.2","12/12/1986"
"2172","12.4","12/13/1986"
"2173","9.8","12/14/1986"
"2174","8.5","12/15/1986"
"2175","14.7","12/16/1986"
"2176","12","12/17/1986"
"2177","10.3","12/18/1986"
"2178","11","12/19/1986"
"2179","10.2","12/20/1986"
"2180","12.6","12/21/1986"
"2181","11.6","12/22/1986"
"2182","9.7","12/23/1986"
"2183","13.4","12/24/1986"
"2184","10.5","12/25/1986"
"2185","14.7","12/26/1986"
"2186","14.6","12/27/1986"
"2187","14.2","12/28/1986"
"2188","13.2","12/29/1986"
"2189","11.7","12/30/1986"
"2190","17.2","12/31/1986"
"2191","12.3","01/01/1987"
"2192","13.8","01/02/1987"
"2193","15.3","01/03/1987"
"2194","15.6","01/04/1987"
"2195","16.2","01/05/1987"
"2196","16.3","01/06/1987"
"2197","16.8","01/07/1987"
"2198","11","01/08/1987"
"2199","8.5","01/09/1987"
"2200","13.2","01/10/1987"
"2201","13","01/11/1987"
"2202","12.4","01/12/1987"
"2203","13","01/13/1987"
"2204","16.6","01/14/1987"
"2205","12","01/15/1987"
"2206","12.4","01/16/1987"
"2207","15","01/17/1987"
"2208","11.8","01/18/1987"
"2209","11.6","01/19/1987"
"2210","12.2","01/20/1987"
"2211","13.7","01/21/1987"
"2212","11.2","01/22/1987"
"2213","12.4","01/23/1987"
"2214","11.5","01/24/1987"
"2215","13.8","01/25/1987"
"2216","15.7","01/26/1987"
"2217","12.9","01/27/1987"
"2218","11.5","01/28/1987"
"2219","11","01/29/1987"
"2220","12.7","01/30/1987"
"2221","14.9","01/31/1987"
"2222","16.5","02/01/1987"
"2223","12.8","02/02/1987"
"2224","12.7","02/03/1987"
"2225","12.7","02/04/1987"
"2226","11.6","02/05/1987"
"2227","13.3","02/06/1987"
"2228","15.2","02/07/1987"
"2229","16.4","02/08/1987"
"2230","11.9","02/09/1987"
"2231","15.1","02/10/1987"
"2232","10.6","02/11/1987"
"2233","13.6","02/12/1987"
"2234","12.1","02/13/1987"
"2235","16","02/14/1987"
"2236","16.8","02/15/1987"
"2237","16.6","02/16/1987"
"2238","15.6","02/17/1987"
"2239","15.2","02/18/1987"
"2240","17.7","02/19/1987"
"2241","21","02/20/1987"
"2242","13.4","02/21/1987"
"2243","10.5","02/22/1987"
"2244","9.5","02/23/1987"
"2245","12","02/24/1987"
"2246","10.4","02/25/1987"
"2247","11.5","02/26/1987"
"2248","13.2","02/27/1987"
"2249","15","02/28/1987"
"2250","14.1","03/01/1987"
"2251","12.4","03/02/1987"
"2252","13.4","03/03/1987"
"2253","12.5","03/04/1987"
"2254","14.3","03/05/1987"
"2255","17.6","03/06/1987"
"2256","10.4","03/07/1987"
"2257","9.9","03/08/1987"
"2258","10.2","03/09/1987"
"2259","11.3","03/10/1987"
"2260","9.5","03/11/1987"
"2261","11.8","03/12/1987"
"2262","11.5","03/13/1987"
"2263","10.5","03/14/1987"
"2264","10.8","03/15/1987"
"2265","13","03/16/1987"
"2266","18.5","03/17/1987"
"2267","18.7","03/18/1987"
"2268","15","03/19/1987"
"2269","13","03/20/1987"
"2270","11.3","03/21/1987"
"2271","13","03/22/1987"
"2272","13.3","03/23/1987"
"2273","11","03/24/1987"
"2274","10.3","03/25/1987"
"2275","13","03/26/1987"
"2276","12.3","03/27/1987"
"2277","15.6","03/28/1987"
"2278","10.2","03/29/1987"
"2279","10.8","03/30/1987"
"2280","12","03/31/1987"
"2281","13.3","04/01/1987"
"2282","11.7","04/02/1987"
"2283","12.5","04/03/1987"
"2284","13.7","04/04/1987"
"2285","14.9","04/05/1987"
"2286","20.2","04/06/1987"
"2287","16.3","04/07/1987"
"2288","13.9","04/08/1987"
"2289","10.1","04/09/1987"
"2290","7.3","04/10/1987"
"2291","14","04/11/1987"
"2292","17.7","04/12/1987"
"2293","16.3","04/13/1987"
"2294","10.6","04/14/1987"
"2295","9.7","04/15/1987"
"2296","7.8","04/16/1987"
"2297","10.4","04/17/1987"
"2298","10.4","04/18/1987"
"2299","14.1","04/19/1987"
"2300","7.1","04/20/1987"
"2301","8.1","04/21/1987"
"2302","7.8","04/22/1987"
"2303","10.6","04/23/1987"
"2304","9.1","04/24/1987"
"2305","9","04/25/1987"
"2306","11.9","04/26/1987"
"2307","17.1","04/27/1987"
"2308","16.8","04/28/1987"
"2309","13.5","04/29/1987"
"2310","11.6","04/30/1987"
"2311","7","05/01/1987"
"2312","9.7","05/02/1987"
"2313","9.9","05/03/1987"
"2314","11.2","05/04/1987"
"2315","11.3","05/05/1987"
"2316","11.8","05/06/1987"
"2317","9.9","05/07/1987"
"2318","7.1","05/08/1987"
"2319","9.6","05/09/1987"
"2320","9.8","05/10/1987"
"2321","10.6","05/11/1987"
"2322","12.8","05/12/1987"
"2323","16.5","05/13/1987"
"2324","11.7","05/14/1987"
"2325","12.3","05/15/1987"
"2326","12.2","05/16/1987"
"2327","11.8","05/17/1987"
"2328","10.7","05/18/1987"
"2329","10.2","05/19/1987"
"2330","10","05/20/1987"
"2331","8.3","05/21/1987"
"2332","6.6","05/22/1987"
"2333","9.5","05/23/1987"
"2334","12.3","05/24/1987"
"2335","7.6","05/25/1987"
"2336","9.3","05/26/1987"
"2337","5","05/27/1987"
"2338","4.3","05/28/1987"
"2339","6.4","05/29/1987"
"2340","10.8","05/30/1987"
"2341","7.8","05/31/1987"
"2342","8.5","06/01/1987"
"2343","9.7","06/02/1987"
"2344","10","06/03/1987"
"2345","11","06/04/1987"
"2346","10.2","06/05/1987"
"2347","6.6","06/06/1987"
"2348","6.1","06/07/1987"
"2349","5.9","06/08/1987"
"2350","8.9","06/09/1987"
"2351","13","06/10/1987"
"2352","12.6","06/11/1987"
"2353","5.4","06/12/1987"
"2354","6","06/13/1987"
"2355","7.8","06/14/1987"
"2356","9","06/15/1987"
"2357","4.2","06/16/1987"
"2358","3","06/17/1987"
"2359","4.5","06/18/1987"
"2360","6.2","06/19/1987"
"2361","11.9","06/20/1987"
"2362","11.8","06/21/1987"
"2363","9.4","06/22/1987"
"2364","9.6","06/23/1987"
"2365","9.4","06/24/1987"
"2366","7","06/25/1987"
"2367","8.9","06/26/1987"
"2368","9.3","06/27/1987"
"2369","6.8","06/28/1987"
"2370","7.5","06/29/1987"
"2371","8","06/30/1987"
"2372","8.3","07/01/1987"
"2373","2.7","07/02/1987"
"2374","3.9","07/03/1987"
"2375","4.1","07/04/1987"
"2376","5","07/05/1987"
"2377","5.8","07/06/1987"
"2378","4.4","07/07/1987"
"2379","4.1","07/08/1987"
"2380","5.8","07/09/1987"
"2381","9.1","07/10/1987"
"2382","7.9","07/11/1987"
"2383","5","07/12/1987"
"2384","2.8","07/13/1987"
"2385","4.7","07/14/1987"
"2386","8.9","07/15/1987"
"2387","5.4","07/16/1987"
"2388","7.1","07/17/1987"
"2389","9","07/18/1987"
"2390","9.4","07/19/1987"
"2391","6.3","07/20/1987"
"2392","7","07/21/1987"
"2393","6.4","07/22/1987"
"2394","6.7","07/23/1987"
"2395","1.5","07/24/1987"
"2396","2.9","07/25/1987"
"2397","4.8","07/26/1987"
"2398","6.3","07/27/1987"
"2399","5.7","07/28/1987"
"2400","7","07/29/1987"
"2401","8.8","07/30/1987"
"2402","8.7","07/31/1987"
"2403","9","08/01/1987"
"2404","9.6","08/02/1987"
"2405","8","08/03/1987"
"2406","8.4","08/04/1987"
"2407","8.1","08/05/1987"
"2408","9","08/06/1987"
"2409","5.3","08/07/1987"
"2410","8.9","08/08/1987"
"2411","8.7","08/09/1987"
"2412","4.9","08/10/1987"
"2413","7","08/11/1987"
"2414","7.5","08/12/1987"
"2415","7","08/13/1987"
"2416","9.1","08/14/1987"
"2417","11.8","08/15/1987"
"2418","9.9","08/16/1987"
"2419","5.6","08/17/1987"
"2420","4.2","08/18/1987"
"2421","4.3","08/19/1987"
"2422","8","08/20/1987"
"2423","5.1","08/21/1987"
"2424","9.4","08/22/1987"
"2425","9.1","08/23/1987"
"2426","9.7","08/24/1987"
"2427","10.6","08/25/1987"
"2428","8.6","08/26/1987"
"2429","10.1","08/27/1987"
"2430","11","08/28/1987"
"2431","9.7","08/29/1987"
"2432","5","08/30/1987"
"2433","6.1","08/31/1987"
"2434","5.4","09/01/1987"
"2435","5.8","09/02/1987"
"2436","7.3","09/03/1987"
"2437","6.3","09/04/1987"
"2438","4.8","09/05/1987"
"2439","7.6","09/06/1987"
"2440","8.1","09/07/1987"
"2441","9.5","09/08/1987"
"2442","10.3","09/09/1987"
"2443","7","09/10/1987"
"2444","9","09/11/1987"
"2445","10.2","09/12/1987"
"2446","6.8","09/13/1987"
"2447","9.3","09/14/1987"
"2448","9.8","09/15/1987"
"2449","10.7","09/16/1987"
"2450","7.8","09/17/1987"
"2451","9.2","09/18/1987"
"2452","15","09/19/1987"
"2453","7.8","09/20/1987"
"2454","5.3","09/21/1987"
"2455","9.5","09/22/1987"
"2456","7.6","09/23/1987"
"2457","14","09/24/1987"
"2458","14.9","09/25/1987"
"2459","14.9","09/26/1987"
"2460","19.2","09/27/1987"
"2461","17","09/28/1987"
"2462","13","09/29/1987"
"2463","11.2","09/30/1987"
"2464","9.5","10/01/1987"
"2465","10.3","10/02/1987"
"2466","9.3","10/03/1987"
"2467","11.3","10/04/1987"
"2468","6.5","10/05/1987"
"2469","12","10/06/1987"
"2470","8.3","10/07/1987"
"2471","8.7","10/08/1987"
"2472","8.7","10/09/1987"
"2473","10.2","10/10/1987"
"2474","6.9","10/11/1987"
"2475","4.9","10/12/1987"
"2476","10","10/13/1987"
"2477","7.6","10/14/1987"
"2478","14.5","10/15/1987"
"2479","13.2","10/16/1987"
"2480","9.9","10/17/1987"
"2481","10.1","10/18/1987"
"2482","11.3","10/19/1987"
"2483","10.4","10/20/1987"
"2484","10.9","10/21/1987"
"2485","9.2","10/22/1987"
"2486","10.5","10/23/1987"
"2487","11.4","10/24/1987"
"2488","13.5","10/25/1987"
"2489","9.8","10/26/1987"
"2490","13.1","10/27/1987"
"2491","9.7","10/28/1987"
"2492","11.4","10/29/1987"
"2493","9.9","10/30/1987"
"2494","14.4","10/31/1987"
"2495","19","11/01/1987"
"2496","23","11/02/1987"
"2497","15.4","11/03/1987"
"2498","9.6","11/04/1987"
"2499","10.8","11/05/1987"
"2500","12.1","11/06/1987"
"2501","11","11/07/1987"
"2502","12.6","11/08/1987"
"2503","14.7","11/09/1987"
"2504","11.1","11/10/1987"
"2505","10.1","11/11/1987"
"2506","11.4","11/12/1987"
"2507","13","11/13/1987"
"2508","11.9","11/14/1987"
"2509","9.5","11/15/1987"
"2510","13.5","11/16/1987"
"2511","15.2","11/17/1987"
"2512","18.4","11/18/1987"
"2513","24.1","11/19/1987"
"2514","14.1","11/20/1987"
"2515","10.7","11/21/1987"
"2516","8.7","11/22/1987"
"2517","13.3","11/23/1987"
"2518","11.6","11/24/1987"
"2519","9.9","11/25/1987"
"2520","10.8","11/26/1987"
"2521","11.5","11/27/1987"
"2522","10","11/28/1987"
"2523","13.9","11/29/1987"
"2524","13.6","11/30/1987"
"2525","11.9","12/01/1987"
"2526","11.1","12/02/1987"
"2527","8.2","12/03/1987"
"2528","9.4","12/04/1987"
"2529","12.7","12/05/1987"
"2530","11.6","12/06/1987"
"2531","11","12/07/1987"
"2532","11.3","12/08/1987"
"2533","13.4","12/09/1987"
"2534","14.9","12/10/1987"
"2535","15.2","12/11/1987"
"2536","13.9","12/12/1987"
"2537","15","12/13/1987"
"2538","16.2","12/14/1987"
"2539","17.7","12/15/1987"
"2540","20.5","12/16/1987"
"2541","14.7","12/17/1987"
"2542","12.5","12/18/1987"
"2543","10.9","12/19/1987"
"2544","12.8","12/20/1987"
"2545","12.7","12/21/1987"
"2546","11.2","12/22/1987"
"2547","11.4","12/23/1987"
"2548","11.2","12/24/1987"
"2549","12.1","12/25/1987"
"2550","12.7","12/26/1987"
"2551","16.2","12/27/1987"
"2552","14.2","12/28/1987"
"2553","14.3","12/29/1987"
"2554","13.3","12/30/1987"
"2555","16.7","12/31/1987"
"2556","15.3","01/01/1988"
"2557","14.3","01/02/1988"
"2558","13.5","01/03/1988"
"2559","15","01/04/1988"
"2560","13.6","01/05/1988"
"2561","15.2","01/06/1988"
"2562","17","01/07/1988"
"2563","18.7","01/08/1988"
"2564","16.5","01/09/1988"
"2565","17.4","01/10/1988"
"2566","18.3","01/11/1988"
"2567","18.3","01/12/1988"
"2568","22.4","01/13/1988"
"2569","21.4","01/14/1988"
"2570","20.9","01/15/1988"
"2571","17.6","01/16/1988"
"2572","15.5","01/17/1988"
"2573","16.6","01/18/1988"
"2574","16.2","01/19/1988"
"2575","15.6","01/20/1988"
"2576","14.5","01/21/1988"
"2577","14","01/22/1988"
"2578","15.6","01/23/1988"
"2579","12.3","01/24/1988"
"2580","11.6","01/25/1988"
"2581","12.6","01/26/1988"
"2582","14.9","01/27/1988"
"2583","17.3","01/28/1988"
"2584","21.4","01/29/1988"
"2585","23.4","01/30/1988"
"2586","14.4","01/31/1988"
"2587","14.1","02/01/1988"
"2588","15","02/02/1988"
"2589","14.5","02/03/1988"
"2590","15.1","02/04/1988"
"2591","13.9","02/05/1988"
"2592","13.4","02/06/1988"
"2593","9.2","02/07/1988"
"2594","12.5","02/08/1988"
"2595","15.1","02/09/1988"
"2596","12.1","02/10/1988"
"2597","14.5","02/11/1988"
"2598","16.3","02/12/1988"
"2599","16.5","02/13/1988"
"2600","14.9","02/14/1988"
"2601","13.2","02/15/1988"
"2602","11.8","02/16/1988"
"2603","13.6","02/17/1988"
"2604","16.2","02/18/1988"
"2605","14.1","02/19/1988"
"2606","13.5","02/20/1988"
"2607","15","02/21/1988"
"2608","14.8","02/22/1988"
"2609","16.2","02/23/1988"
"2610","16.2","02/24/1988"
"2611","13.3","02/25/1988"
"2612","15.3","02/26/1988"
"2613","18.4","02/27/1988"
"2614","16.2","02/28/1988"
"2615","16.3","02/29/1988"
"2616","12.4","03/01/1988"
"2617","15.6","03/02/1988"
"2618","14.9","03/03/1988"
"2619","14.8","03/04/1988"
"2620","12.7","03/05/1988"
"2621","14.2","03/06/1988"
"2622","16.8","03/07/1988"
"2623","16.7","03/08/1988"
"2624","16.2","03/09/1988"
"2625","14.5","03/10/1988"
"2626","10","03/11/1988"
"2627","12.6","03/12/1988"
"2628","11.9","03/13/1988"
"2629","11.8","03/14/1988"
"2630","13.4","03/15/1988"
"2631","14.5","03/16/1988"
"2632","15.7","03/17/1988"
"2633","15.3","03/18/1988"
"2634","13.9","03/19/1988"
"2635","13.7","03/20/1988"
"2636","15.1","03/21/1988"
"2637","15.6","03/22/1988"
"2638","14.4","03/23/1988"
"2639","13.9","03/24/1988"
"2640","16.2","03/25/1988"
"2641","16.7","03/26/1988"
"2642","15.5","03/27/1988"
"2643","16.4","03/28/1988"
"2644","17.5","03/29/1988"
"2645","18.2","03/30/1988"
"2646","16.1","03/31/1988"
"2647","16.5","04/01/1988"
"2648","14.6","04/02/1988"
"2649","16.4","04/03/1988"
"2650","13.6","04/04/1988"
"2651","15.9","04/05/1988"
"2652","11.9","04/06/1988"
"2653","14.7","04/07/1988"
"2654","9.4","04/08/1988"
"2655","6.6","04/09/1988"
"2656","7.9","04/10/1988"
"2657","11","04/11/1988"
"2658","15.7","04/12/1988"
"2659","15.2","04/13/1988"
"2660","15.9","04/14/1988"
"2661","10.6","04/15/1988"
"2662","8.3","04/16/1988"
"2663","8.6","04/17/1988"
"2664","12.7","04/18/1988"
"2665","10.5","04/19/1988"
"2666","12","04/20/1988"
"2667","11.1","04/21/1988"
"2668","13","04/22/1988"
"2669","12.4","04/23/1988"
"2670","13.3","04/24/1988"
"2671","15.9","04/25/1988"
"2672","12","04/26/1988"
"2673","13.7","04/27/1988"
"2674","17.6","04/28/1988"
"2675","14.3","04/29/1988"
"2676","13.7","04/30/1988"
"2677","15.2","05/01/1988"
"2678","14.5","05/02/1988"
"2679","14.9","05/03/1988"
"2680","15.5","05/04/1988"
"2681","16.4","05/05/1988"
"2682","14.5","05/06/1988"
"2683","12.6","05/07/1988"
"2684","13.6","05/08/1988"
"2685","11.2","05/09/1988"
"2686","11","05/10/1988"
"2687","12","05/11/1988"
"2688","6.8","05/12/1988"
"2689","10.6","05/13/1988"
"2690","13.1","05/14/1988"
"2691","13.5","05/15/1988"
"2692","11.7","05/16/1988"
"2693","13.2","05/17/1988"
"2694","12","05/18/1988"
"2695","10.4","05/19/1988"
"2696","10","05/20/1988"
"2697","8.2","05/21/1988"
"2698","9.4","05/22/1988"
"2699","10.3","05/23/1988"
"2700","8.1","05/24/1988"
"2701","8.7","05/25/1988"
"2702","12.6","05/26/1988"
"2703","10.9","05/27/1988"
"2704","8.7","05/28/1988"
"2705","9.3","05/29/1988"
"2706","6.3","05/30/1988"
"2707","7.8","05/31/1988"
"2708","10","06/01/1988"
"2709","11","06/02/1988"
"2710","11.1","06/03/1988"
"2711","12.6","06/04/1988"
"2712","10.2","06/05/1988"
"2713","11.1","06/06/1988"
"2714","8.7","06/07/1988"
"2715","9.5","06/08/1988"
"2716","9.7","06/09/1988"
"2717","8.2","06/10/1988"
"2718","5","06/11/1988"
"2719","6.5","06/12/1988"
"2720","12.1","06/13/1988"
"2721","8.9","06/14/1988"
"2722","6.1","06/15/1988"
"2723","2.8","06/16/1988"
"2724","3.7","06/17/1988"
"2725","6.8","06/18/1988"
"2726","6.6","06/19/1988"
"2727","7","06/20/1988"
"2728","7.3","06/21/1988"
"2729","7.9","06/22/1988"
"2730","10.6","06/23/1988"
"2731","8.1","06/24/1988"
"2732","6.7","06/25/1988"
"2733","8","06/26/1988"
"2734","10","06/27/1988"
"2735","6.7","06/28/1988"
"2736","9.4","06/29/1988"
"2737","9.3","06/30/1988"
"2738","6","07/01/1988"
"2739","5.8","07/02/1988"
"2740","4.9","07/03/1988"
"2741","5","07/04/1988"
"2742","8.4","07/05/1988"
"2743","12.3","07/06/1988"
"2744","13","07/07/1988"
"2745","11.4","07/08/1988"
"2746","6.8","07/09/1988"
"2747","7.6","07/10/1988"
"2748","12.4","07/11/1988"
"2749","7.1","07/12/1988"
"2750","7.5","07/13/1988"
"2751","10","07/14/1988"
"2752","5.3","07/15/1988"
"2753","6.3","07/16/1988"
"2754","8","07/17/1988"
"2755","8.3","07/18/1988"
"2756","9.3","07/19/1988"
"2757","9.5","07/20/1988"
"2758","5.6","07/21/1988"
"2759","7","07/22/1988"
"2760","8.5","07/23/1988"
"2761","8.5","07/24/1988"
"2762","8.2","07/25/1988"
"2763","8.5","07/26/1988"
"2764","9.6","07/27/1988"
"2765","9.7","07/28/1988"
"2766","7.1","07/29/1988"
"2767","8.4","07/30/1988"
"2768","9.2","07/31/1988"
"2769","9.8","08/01/1988"
"2770","8.1","08/02/1988"
"2771","9.4","08/03/1988"
"2772","10","08/04/1988"
"2773","5.1","08/05/1988"
"2774","6.7","08/06/1988"
"2775","6.9","08/07/1988"
"2776","6.8","08/08/1988"
"2777","8.6","08/09/1988"
"2778","9.1","08/10/1988"
"2779","3.9","08/11/1988"
"2780","4.8","08/12/1988"
"2781","8.4","08/13/1988"
"2782","11.6","08/14/1988"
"2783","12.1","08/15/1988"
"2784","12.4","08/16/1988"
"2785","10","08/17/1988"
"2786","10.1","08/18/1988"
"2787","9.7","08/19/1988"
"2788","11.7","08/20/1988"
"2789","7.9","08/21/1988"
"2790","8.6","08/22/1988"
"2791","7.7","08/23/1988"
"2792","5.8","08/24/1988"
"2793","8.7","08/25/1988"
"2794","10.6","08/26/1988"
"2795","6.7","08/27/1988"
"2796","8.8","08/28/1988"
"2797","9.7","08/29/1988"
"2798","9","08/30/1988"
"2799","11.8","08/31/1988"
"2800","15.2","09/01/1988"
"2801","10","09/02/1988"
"2802","10.5","09/03/1988"
"2803","5.5","09/04/1988"
"2804","9.4","09/05/1988"
"2805","8.8","09/06/1988"
"2806","5.3","09/07/1988"
"2807","13","09/08/1988"
"2808","15.2","09/09/1988"
"2809","13.2","09/10/1988"
"2810","11.5","09/11/1988"
"2811","6.8","09/12/1988"
"2812","4.7","09/13/1988"
"2813","5.2","09/14/1988"
"2814","6.8","09/15/1988"
"2815","10.7","09/16/1988"
"2816","10.1","09/17/1988"
"2817","10","09/18/1988"
"2818","9.8","09/19/1988"
"2819","5.5","09/20/1988"
"2820","13.5","09/21/1988"
"2821","16.6","09/22/1988"
"2822","8.4","09/23/1988"
"2823","8.2","09/24/1988"
"2824","11.1","09/25/1988"
"2825","10.8","09/26/1988"
"2826","8.8","09/27/1988"
"2827","10.8","09/28/1988"
"2828","8.7","09/29/1988"
"2829","12.4","09/30/1988"
"2830","9","10/01/1988"
"2831","13.5","10/02/1988"
"2832","14.7","10/03/1988"
"2833","10.9","10/04/1988"
"2834","8.5","10/05/1988"
"2835","6","10/06/1988"
"2836","12.7","10/07/1988"
"2837","11.1","10/08/1988"
"2838","8.7","10/09/1988"
"2839","12.3","10/10/1988"
"2840","13.3","10/11/1988"
"2841","5.6","10/12/1988"
"2842","13.7","10/13/1988"
"2843","8.5","10/14/1988"
"2844","11.2","10/15/1988"
"2845","8.7","10/16/1988"
"2846","11.7","10/17/1988"
"2847","12.5","10/18/1988"
"2848","8.2","10/19/1988"
"2849","15.6","10/20/1988"
"2850","10.3","10/21/1988"
"2851","11.4","10/22/1988"
"2852","9.7","10/23/1988"
"2853","6.3","10/24/1988"
"2854","14.3","10/25/1988"
"2855","11.3","10/26/1988"
"2856","7.3","10/27/1988"
"2857","12.8","10/28/1988"
"2858","11.9","10/29/1988"
"2859","14.3","10/30/1988"
"2860","11.6","10/31/1988"
"2861","13.2","11/01/1988"
"2862","15.5","11/02/1988"
"2863","14.1","11/03/1988"
"2864","9.5","11/04/1988"
"2865","7.2","11/05/1988"
"2866","11.8","11/06/1988"
"2867","16.8","11/07/1988"
"2868","12.5","11/08/1988"
"2869","9.4","11/09/1988"
"2870","11.9","11/10/1988"
"2871","10.3","11/11/1988"
"2872","16.9","11/12/1988"
"2873","17.5","11/13/1988"
"2874","7.5","11/14/1988"
"2875","8.6","11/15/1988"
"2876","11.1","11/16/1988"
"2877","11.5","11/17/1988"
"2878","10.7","11/18/1988"
"2879","15.7","11/19/1988"
"2880","12.8","11/20/1988"
"2881","13","11/21/1988"
"2882","12.9","11/22/1988"
"2883","14.3","11/23/1988"
"2884","13.7","11/24/1988"
"2885","12.1","11/25/1988"
"2886","11.9","11/26/1988"
"2887","11.8","11/27/1988"
"2888","11.4","11/28/1988"
"2889","10.3","11/29/1988"
"2890","11.7","11/30/1988"
"2891","12","12/01/1988"
"2892","17.4","12/02/1988"
"2893","16.8","12/03/1988"
"2894","16.2","12/04/1988"
"2895","13","12/05/1988"
"2896","12.5","12/06/1988"
"2897","12.4","12/07/1988"
"2898","16.1","12/08/1988"
"2899","20.2","12/09/1988"
"2900","14.3","12/10/1988"
"2901","11","12/11/1988"
"2902","14.4","12/12/1988"
"2903","15.7","12/13/1988"
"2904","19.7","12/14/1988"
"2905","20.7","12/15/1988"
"2906","23.9","12/16/1988"
"2907","16.6","12/17/1988"
"2908","17.5","12/18/1988"
"2909","14.9","12/19/1988"
"2910","13.6","12/20/1988"
"2911","11.9","12/21/1988"
"2912","15.2","12/22/1988"
"2913","17.3","12/23/1988"
"2914","19.8","12/24/1988"
"2915","15.8","12/25/1988"
"2916","9.5","12/26/1988"
"2917","12.9","12/27/1988"
"2918","12.9","12/28/1988"
"2919","14.8","12/29/1988"
"2920","14.1","12/30/1988"
"2921","14.3","01/01/1989"
"2922","17.4","01/02/1989"
"2923","18.5","01/03/1989"
"2924","16.8","01/04/1989"
"2925","11.5","01/05/1989"
"2926","9.5","01/06/1989"
"2927","12.2","01/07/1989"
"2928","15.7","01/08/1989"
"2929","16.3","01/09/1989"
"2930","13.6","01/10/1989"
"2931","12.6","01/11/1989"
"2932","13.8","01/12/1989"
"2933","12.1","01/13/1989"
"2934","13.4","01/14/1989"
"2935","17.3","01/15/1989"
"2936","19.4","01/16/1989"
"2937","16.6","01/17/1989"
"2938","13.9","01/18/1989"
"2939","13.1","01/19/1989"
"2940","16","01/20/1989"
"2941","14.5","01/21/1989"
"2942","15","01/22/1989"
"2943","12.6","01/23/1989"
"2944","12.5","01/24/1989"
"2945","15.2","01/25/1989"
"2946","16.2","01/26/1989"
"2947","16.5","01/27/1989"
"2948","20.1","01/28/1989"
"2949","20.6","01/29/1989"
"2950","16.9","01/30/1989"
"2951","16.5","01/31/1989"
"2952","16.1","02/01/1989"
"2953","14.4","02/02/1989"
"2954","16.3","02/03/1989"
"2955","15.7","02/04/1989"
"2956","14.2","02/05/1989"
"2957","13.2","02/06/1989"
"2958","16.8","02/07/1989"
"2959","18.5","02/08/1989"
"2960","16.7","02/09/1989"
"2961","15.3","02/10/1989"
"2962","15.9","02/11/1989"
"2963","15.2","02/12/1989"
"2964","17.5","02/13/1989"
"2965","18.3","02/14/1989"
"2966","19.4","02/15/1989"
"2967","19.4","02/16/1989"
"2968","19.5","02/17/1989"
"2969","20.5","02/18/1989"
"2970","15.7","02/19/1989"
"2971","15","02/20/1989"
"2972","16.1","02/21/1989"
"2973","14.3","02/22/1989"
"2974","13","02/23/1989"
"2975","16.2","02/24/1989"
"2976","17.7","02/25/1989"
"2977","13.2","02/26/1989"
"2978","15.8","02/27/1989"
"2979","18.5","02/28/1989"
"2980","20.4","03/01/1989"
"2981","22","03/02/1989"
"2982","19.7","03/03/1989"
"2983","19.6","03/04/1989"
"2984","20.3","03/05/1989"
"2985","18.3","03/06/1989"
"2986","18.9","03/07/1989"
"2987","20.3","03/08/1989"
"2988","21.4","03/09/1989"
"2989","18.3","03/10/1989"
"2990","17.8","03/11/1989"
"2991","17.7","03/12/1989"
"2992","12.8","03/13/1989"
"2993","15.1","03/14/1989"
"2994","15","03/15/1989"
"2995","14.8","03/16/1989"
"2996","12","03/17/1989"
"2997","12.5","03/18/1989"
"2998","15","03/19/1989"
"2999","17.1","03/20/1989"
"3000","17.3","03/21/1989"
"3001","16.9","03/22/1989"
"3002","16.5","03/23/1989"
"3003","13.6","03/24/1989"
"3004","13.2","03/25/1989"
"3005","9.4","03/26/1989"
"3006","9.5","03/27/1989"
"3007","11.8","03/28/1989"
"3008","10.4","03/29/1989"
"3009","9.7","03/30/1989"
"3010","12.6","03/31/1989"
"3011","13.3","04/01/1989"
"3012","15.1","04/02/1989"
"3013","14.2","04/03/1989"
"3014","14.2","04/04/1989"
"3015","19.2","04/05/1989"
"3016","12.6","04/06/1989"
"3017","14.2","04/07/1989"
"3018","11.9","04/08/1989"
"3019","13.9","04/09/1989"
"3020","13.5","04/10/1989"
"3021","15.3","04/11/1989"
"3022","13.9","04/12/1989"
"3023","14","04/13/1989"
"3024","12.9","04/14/1989"
"3025","8.5","04/15/1989"
"3026","11.4","04/16/1989"
"3027","10.9","04/17/1989"
"3028","12","04/18/1989"
"3029","8.6","04/19/1989"
"3030","9","04/20/1989"
"3031","9.6","04/21/1989"
"3032","10.2","04/22/1989"
"3033","9.8","04/23/1989"
"3034","8.3","04/24/1989"
"3035","11","04/25/1989"
"3036","11.9","04/26/1989"
"3037","14","04/27/1989"
"3038","15.8","04/28/1989"
"3039","14.5","04/29/1989"
"3040","13.2","04/30/1989"
"3041","14.2","05/01/1989"
"3042","14.6","05/02/1989"
"3043","11.8","05/03/1989"
"3044","14.4","05/04/1989"
"3045","10.4","05/05/1989"
"3046","10.3","05/06/1989"
"3047","10.8","05/07/1989"
"3048","10.5","05/08/1989"
"3049","9.5","05/09/1989"
"3050","12.5","05/10/1989"
"3051","13.7","05/11/1989"
"3052","12.7","05/12/1989"
"3053","11.9","05/13/1989"
"3054","11.4","05/14/1989"
"3055","9.7","05/15/1989"
"3056","8.3","05/16/1989"
"3057","8.1","05/17/1989"
"3058","11.7","05/18/1989"
"3059","11.6","05/19/1989"
"3060","7.4","05/20/1989"
"3061","5.2","05/21/1989"
"3062","11","05/22/1989"
"3063","9.5","05/23/1989"
"3064","9.2","05/24/1989"
"3065","10.7","05/25/1989"
"3066","9","05/26/1989"
"3067","10.2","05/27/1989"
"3068","10.3","05/28/1989"
"3069","12.1","05/29/1989"
"3070","13.2","05/30/1989"
"3071","6.6","05/31/1989"
"3072","2.3","06/01/1989"
"3073","1.4","06/02/1989"
"3074","2.1","06/03/1989"
"3075","6.6","06/04/1989"
"3076","8.9","06/05/1989"
"3077","7.8","06/06/1989"
"3078","9","06/07/1989"
"3079","10.3","06/08/1989"
"3080","7.9","06/09/1989"
"3081","7.2","06/10/1989"
"3082","8.6","06/11/1989"
"3083","8.8","06/12/1989"
"3084","6.2","06/13/1989"
"3085","9.5","06/14/1989"
"3086","10.2","06/15/1989"
"3087","9.7","06/16/1989"
"3088","11.2","06/17/1989"
"3089","10.2","06/18/1989"
"3090","10.1","06/19/1989"
"3091","8.1","06/20/1989"
"3092","6.6","06/21/1989"
"3093","5","06/22/1989"
"3094","4.7","06/23/1989"
"3095","5.3","06/24/1989"
"3096","4.5","06/25/1989"
"3097","2.3","06/26/1989"
"3098","1.4","06/27/1989"
"3099","0.5","06/28/1989"
"3100","2.4","06/29/1989"
"3101","8","06/30/1989"
"3102","6","07/01/1989"
"3103","7.1","07/02/1989"
"3104","9.7","07/03/1989"
"3105","6.9","07/04/1989"
"3106","5.3","07/05/1989"
"3107","7","07/06/1989"
"3108","6.2","07/07/1989"
"3109","7","07/08/1989"
"3110","9.7","07/09/1989"
"3111","8","07/10/1989"
"3112","8.5","07/11/1989"
"3113","7.1","07/12/1989"
"3114","7.5","07/13/1989"
"3115","3.3","07/14/1989"
"3116","1.8","07/15/1989"
"3117","2.6","07/16/1989"
"3118","5.3","07/17/1989"
"3119","5.8","07/18/1989"
"3120","5.8","07/19/1989"
"3121","7.2","07/20/1989"
"3122","5.3","07/21/1989"
"3123","1.6","07/22/1989"
"3124","3.1","07/23/1989"
"3125","5.3","07/24/1989"
"3126","7.7","07/25/1989"
"3127","4.2","07/26/1989"
"3128","5.5","07/27/1989"
"3129","9","07/28/1989"
"3130","11.2","07/29/1989"
"3131","8","07/30/1989"
"3132","7.6","07/31/1989"
"3133","3.7","08/01/1989"
"3134","7.5","08/02/1989"
"3135","8.1","08/03/1989"
"3136","8.4","08/04/1989"
"3137","7.1","08/05/1989"
"3138","7.6","08/06/1989"
"3139","7.6","08/07/1989"
"3140","5.6","08/08/1989"
"3141","7","08/09/1989"
"3142","10.5","08/10/1989"
"3143","7.3","08/11/1989"
"3144","7.8","08/12/1989"
"3145","5.8","08/13/1989"
"3146","3.8","08/14/1989"
"3147","5.8","08/15/1989"
"3148","6.7","08/16/1989"
"3149","6.6","08/17/1989"
"3150","6.6","08/18/1989"
"3151","9","08/19/1989"
"3152","8.1","08/20/1989"
"3153","5.1","08/21/1989"
"3154","8.6","08/22/1989"
"3155","7","08/23/1989"
"3156","5.5","08/24/1989"
"3157","7.4","08/25/1989"
"3158","6.2","08/26/1989"
"3159","4.2","08/27/1989"
"3160","6.3","08/28/1989"
"3161","7","08/29/1989"
"3162","4","08/30/1989"
"3163","8","08/31/1989"
"3164","8.8","09/01/1989"
"3165","8.8","09/02/1989"
"3166","6.1","09/03/1989"
"3167","8.6","09/04/1989"
"3168","8.9","09/05/1989"
"3169","7.8","09/06/1989"
"3170","5","09/07/1989"
"3171","7","09/08/1989"
"3172","13.3","09/09/1989"
"3173","7.9","09/10/1989"
"3174","7.5","09/11/1989"
"3175","8.3","09/12/1989"
"3176","7.2","09/13/1989"
"3177","6.5","09/14/1989"
"3178","8.9","09/15/1989"
"3179","7.4","09/16/1989"
"3180","9.9","09/17/1989"
"3181","9.3","09/18/1989"
"3182","10.6","09/19/1989"
"3183","8.6","09/20/1989"
"3184","7.2","09/21/1989"
"3185","12.6","09/22/1989"
"3186","7.8","09/23/1989"
"3187","6.3","09/24/1989"
"3188","9.2","09/25/1989"
"3189","5.8","09/26/1989"
"3190","9","09/27/1989"
"3191","5","09/28/1989"
"3192","11.9","09/29/1989"
"3193","13.4","09/30/1989"
"3194","10.5","10/01/1989"
"3195","6.2","10/02/1989"
"3196","5.1","10/03/1989"
"3197","9.5","10/04/1989"
"3198","11.7","10/05/1989"
"3199","9.2","10/06/1989"
"3200","7.3","10/07/1989"
"3201","9.7","10/08/1989"
"3202","9.4","10/09/1989"
"3203","10","10/10/1989"
"3204","10.9","10/11/1989"
"3205","11","10/12/1989"
"3206","10.9","10/13/1989"
"3207","8","10/14/1989"
"3208","11.2","10/15/1989"
"3209","7.5","10/16/1989"
"3210","7.2","10/17/1989"
"3211","13.2","10/18/1989"
"3212","12.9","10/19/1989"
"3213","9.4","10/20/1989"
"3214","10.2","10/21/1989"
"3215","9.5","10/22/1989"
"3216","12.4","10/23/1989"
"3217","10.2","10/24/1989"
"3218","13.4","10/25/1989"
"3219","11.6","10/26/1989"
"3220","8","10/27/1989"
"3221","9","10/28/1989"
"3222","9.3","10/29/1989"
"3223","13.5","10/30/1989"
"3224","8","10/31/1989"
"3225","8.1","11/01/1989"
"3226","10","11/02/1989"
"3227","8.5","11/03/1989"
"3228","12.5","11/04/1989"
"3229","15","11/05/1989"
"3230","13.3","11/06/1989"
"3231","11","11/07/1989"
"3232","11.9","11/08/1989"
"3233","8.3","11/09/1989"
"3234","9.7","11/10/1989"
"3235","11.3","11/11/1989"
"3236","12.5","11/12/1989"
"3237","9.4","11/13/1989"
"3238","11.4","11/14/1989"
"3239","13.2","11/15/1989"
"3240","13.8","11/16/1989"
"3241","16","11/17/1989"
"3242","10.9","11/18/1989"
"3243","11.9","11/19/1989"
"3244","12.4","11/20/1989"
"3245","13.2","11/21/1989"
"3246","15.5","11/22/1989"
"3247","21.6","11/23/1989"
"3248","14.9","11/24/1989"
"3249","14.4","11/25/1989"
"3250","12.9","11/26/1989"
"3251","13.1","11/27/1989"
"3252","14","11/28/1989"
"3253","17.9","11/29/1989"
"3254","17.7","11/30/1989"
"3255","16.3","12/01/1989"
"3256","18.3","12/02/1989"
"3257","13.7","12/03/1989"
"3258","13.3","12/04/1989"
"3259","10.6","12/05/1989"
"3260","14.1","12/06/1989"
"3261","16","12/07/1989"
"3262","16.5","12/08/1989"
"3263","14.1","12/09/1989"
"3264","18.7","12/10/1989"
"3265","16.2","12/11/1989"
"3266","14.8","12/12/1989"
"3267","12.6","12/13/1989"
"3268","10.4","12/14/1989"
"3269","12.2","12/15/1989"
"3270","12.6","12/16/1989"
"3271","12.1","12/17/1989"
"3272","17.3","12/18/1989"
"3273","16.4","12/19/1989"
"3274","12.6","12/20/1989"
"3275","12.3","12/21/1989"
"3276","11.8","12/22/1989"
"3277","12","12/23/1989"
"3278","12.7","12/24/1989"
"3279","16.4","12/25/1989"
"3280","16","12/26/1989"
"3281","13.3","12/27/1989"
"3282","11.7","12/28/1989"
"3283","10.4","12/29/1989"
"3284","14.4","12/30/1989"
"3285","12.7","12/31/1989"
"3286","14.8","01/01/1990"
"3287","13.3","01/02/1990"
"3288","15.6","01/03/1990"
"3289","14.5","01/04/1990"
"3290","14.3","01/05/1990"
"3291","15.3","01/06/1990"
"3292","16.4","01/07/1990"
"3293","14.8","01/08/1990"
"3294","17.4","01/09/1990"
"3295","18.8","01/10/1990"
"3296","22.1","01/11/1990"
"3297","19","01/12/1990"
"3298","15.5","01/13/1990"
"3299","15.8","01/14/1990"
"3300","14.7","01/15/1990"
"3301","10.7","01/16/1990"
"3302","11.5","01/17/1990"
"3303","15","01/18/1990"
"3304","14.5","01/19/1990"
"3305","14.5","01/20/1990"
"3306","13.3","01/21/1990"
"3307","14.3","01/22/1990"
"3308","14.3","01/23/1990"
"3309","20.5","01/24/1990"
"3310","15","01/25/1990"
"3311","17.1","01/26/1990"
"3312","16.9","01/27/1990"
"3313","16.9","01/28/1990"
"3314","13.6","01/29/1990"
"3315","16.4","01/30/1990"
"3316","16.1","01/31/1990"
"3317","12","02/01/1990"
"3318","12.2","02/02/1990"
"3319","14.8","02/03/1990"
"3320","14.8","02/04/1990"
"3321","14.4","02/05/1990"
"3322","12.9","02/06/1990"
"3323","13.4","02/07/1990"
"3324","15.9","02/08/1990"
"3325","16.1","02/09/1990"
"3326","17.6","02/10/1990"
"3327","15.6","02/11/1990"
"3328","15","02/12/1990"
"3329","13","02/13/1990"
"3330","14.1","02/14/1990"
"3331","17.3","02/15/1990"
"3332","15.7","02/16/1990"
"3333","18.6","02/17/1990"
"3334","12.7","02/18/1990"
"3335","14","02/19/1990"
"3336","13.7","02/20/1990"
"3337","16.3","02/21/1990"
"3338","20","02/22/1990"
"3339","17","02/23/1990"
"3340","15.2","02/24/1990"
"3341","16.5","02/25/1990"
"3342","16.5","02/26/1990"
"3343","17.3","02/27/1990"
"3344","19.1","02/28/1990"
"3345","19.3","03/01/1990"
"3346","17.3","03/02/1990"
"3347","19","03/03/1990"
"3348","19.8","03/04/1990"
"3349","19.3","03/05/1990"
"3350","17.2","03/06/1990"
"3351","14.2","03/07/1990"
"3352","10.3","03/08/1990"
"3353","13","03/09/1990"
"3354","15.3","03/10/1990"
"3355","15","03/11/1990"
"3356","12.1","03/12/1990"
"3357","9.2","03/13/1990"
"3358","11","03/14/1990"
"3359","15","03/15/1990"
"3360","11.6","03/16/1990"
"3361","11.6","03/17/1990"
"3362","15.1","03/18/1990"
"3363","15","03/19/1990"
"3364","13.6","03/20/1990"
"3365","12.5","03/21/1990"
"3366","14.3","03/22/1990"
"3367","16","03/23/1990"
"3368","17.4","03/24/1990"
"3369","16.9","03/25/1990"
"3370","18","03/26/1990"
"3371","20.6","03/27/1990"
"3372","14.2","03/28/1990"
"3373","10.9","03/29/1990"
"3374","11.9","03/30/1990"
"3375","13.3","03/31/1990"
"3376","15.3","04/01/1990"
"3377","14.7","04/02/1990"
"3378","11","04/03/1990"
"3379","12.2","04/04/1990"
"3380","14.2","04/05/1990"
"3381","17","04/06/1990"
"3382","15.8","04/07/1990"
"3383","15.2","04/08/1990"
"3384","15.1","04/09/1990"
"3385","14.7","04/10/1990"
"3386","18.5","04/11/1990"
"3387","16.4","04/12/1990"
"3388","18.4","04/13/1990"
"3389","15.1","04/14/1990"
"3390","9.9","04/15/1990"
"3391","10.2","04/16/1990"
"3392","12.6","04/17/1990"
"3393","13.2","04/18/1990"
"3394","11.5","04/19/1990"
"3395","13.8","04/20/1990"
"3396","14.5","04/21/1990"
"3397","14.7","04/22/1990"
"3398","11.2","04/23/1990"
"3399","12.7","04/24/1990"
"3400","13.7","04/25/1990"
"3401","11.5","04/26/1990"
"3402","10.4","04/27/1990"
"3403","8.9","04/28/1990"
"3404","11.1","04/29/1990"
"3405","9.5","04/30/1990"
"3406","13","05/01/1990"
"3407","13.9","05/02/1990"
"3408","12.6","05/03/1990"
"3409","14.3","05/04/1990"
"3410","16","05/05/1990"
"3411","13.3","05/06/1990"
"3412","7","05/07/1990"
"3413","4.9","05/08/1990"
"3414","6.9","05/09/1990"
"3415","13.7","05/10/1990"
"3416","10.6","05/11/1990"
"3417","12.3","05/12/1990"
"3418","11.1","05/13/1990"
"3419","10.2","05/14/1990"
"3420","9.5","05/15/1990"
"3421","8.9","05/16/1990"
"3422","13.4","05/17/1990"
"3423","9.1","05/18/1990"
"3424","9.4","05/19/1990"
"3425","8.7","05/20/1990"
"3426","5.8","05/21/1990"
"3427","4.5","05/22/1990"
"3428","7.2","05/23/1990"
"3429","10","05/24/1990"
"3430","10.5","05/25/1990"
"3431","10.7","05/26/1990"
"3432","8.2","05/27/1990"
"3433","6.1","05/28/1990"
"3434","4.5","05/29/1990"
"3435","6.1","05/30/1990"
"3436","9.8","05/31/1990"
"3437","9.7","06/01/1990"
"3438","8.2","06/02/1990"
"3439","8.4","06/03/1990"
"3440","8.5","06/04/1990"
"3441","10.4","06/05/1990"
"3442","6.8","06/06/1990"
"3443","6","06/07/1990"
"3444","6.6","06/08/1990"
"3445","7.8","06/09/1990"
"3446","10.3","06/10/1990"
"3447","7.2","06/11/1990"
"3448","7.4","06/12/1990"
"3449","11.4","06/13/1990"
"3450","5.4","06/14/1990"
"3451","4.4","06/15/1990"
"3452","6.4","06/16/1990"
"3453","9.3","06/17/1990"
"3454","7.7","06/18/1990"
"3455","8.1","06/19/1990"
"3456","8.3","06/20/1990"
"3457","9.1","06/21/1990"
"3458","7.7","06/22/1990"
"3459","10.6","06/23/1990"
"3460","8.2","06/24/1990"
"3461","7.9","06/25/1990"
"3462","5.2","06/26/1990"
"3463","5.9","06/27/1990"
"3464","3.7","06/28/1990"
"3465","5.6","06/29/1990"
"3466","9.4","06/30/1990"
"3467","7.4","07/01/1990"
"3468","7.3","07/02/1990"
"3469","7.7","07/03/1990"
"3470","7.7","07/04/1990"
"3471","9.3","07/05/1990"
"3472","4.4","07/06/1990"
"3473","5.7","07/07/1990"
"3474","10.2","07/08/1990"
"3475","10.2","07/09/1990"
"3476","9.3","07/10/1990"
"3477","5.4","07/11/1990"
"3478","5","07/12/1990"
"3479","7.6","07/13/1990"
"3480","9.6","07/14/1990"
"3481","10.4","07/15/1990"
"3482","11.2","07/16/1990"
"3483","9.1","07/17/1990"
"3484","11.2","07/18/1990"
"3485","6.8","07/19/1990"
"3486","8.3","07/20/1990"
"3487","9.7","07/21/1990"
"3488","9.6","07/22/1990"
"3489","9.8","07/23/1990"
"3490","10.8","07/24/1990"
"3491","9.2","07/25/1990"
"3492","6.5","07/26/1990"
"3493","8.1","07/27/1990"
"3494","7.3","07/28/1990"
"3495","7.9","07/29/1990"
"3496","6","07/30/1990"
"3497","5","07/31/1990"
"3498","6.8","08/01/1990"
"3499","9.8","08/02/1990"
"3500","5.7","08/03/1990"
"3501","8.6","08/04/1990"
"3502","10.6","08/05/1990"
"3503","7.8","08/06/1990"
"3504","7.7","08/07/1990"
"3505","8.6","08/08/1990"
"3506","6.5","08/09/1990"
"3507","6.9","08/10/1990"
"3508","6.4","08/11/1990"
"3509","8.5","08/12/1990"
"3510","7.8","08/13/1990"
"3511","9.3","08/14/1990"
"3512","8.4","08/15/1990"
"3513","7.8","08/16/1990"
"3514","7.4","08/17/1990"
"3515","7.7","08/18/1990"
"3516","8.9","08/19/1990"
"3517","9.7","08/20/1990"
"3518","9.9","08/21/1990"
"3519","6.1","08/22/1990"
"3520","6.6","08/23/1990"
"3521","7.6","08/24/1990"
"3522","7.4","08/25/1990"
"3523","8","08/26/1990"
"3524","2.1","08/27/1990"
"3525","5.9","08/28/1990"
"3526","11.6","08/29/1990"
"3527","8.6","08/30/1990"
"3528","7.9","08/31/1990"
"3529","6","09/01/1990"
"3530","9.5","09/02/1990"
"3531","8.6","09/03/1990"
"3532","7.6","09/04/1990"
"3533","10.4","09/05/1990"
"3534","10.3","09/06/1990"
"3535","7.5","09/07/1990"
"3536","3","09/08/1990"
"3537","5.3","09/09/1990"
"3538","10.5","09/10/1990"
"3539","14.6","09/11/1990"
"3540","12.6","09/12/1990"
"3541","9.8","09/13/1990"
"3542","7.2","09/14/1990"
"3543","10.1","09/15/1990"
"3544","10.4","09/16/1990"
"3545","3.7","09/17/1990"
"3546","7.3","09/18/1990"
"3547","11.6","09/19/1990"
"3548","16.3","09/20/1990"
"3549","9.6","09/21/1990"
"3550","6.8","09/22/1990"
"3551","5.2","09/23/1990"
"3552","10.6","09/24/1990"
"3553","16.3","09/25/1990"
"3554","9.8","09/26/1990"
"3555","4.6","09/27/1990"
"3556","11.1","09/28/1990"
"3557","8.7","09/29/1990"
"3558","10","09/30/1990"
"3559","11.3","10/01/1990"
"3560","10.5","10/02/1990"
"3561","9.9","10/03/1990"
"3562","11","10/04/1990"
"3563","14","10/05/1990"
"3564","9.2","10/06/1990"
"3565","9.8","10/07/1990"
"3566","6","10/08/1990"
"3567","9.8","10/09/1990"
"3568","9.2","10/10/1990"
"3569","11.8","10/11/1990"
"3570","10.3","10/12/1990"
"3571","7.5","10/13/1990"
"3572","7.7","10/14/1990"
"3573","15.8","10/15/1990"
"3574","14.6","10/16/1990"
"3575","10.5","10/17/1990"
"3576","11.3","10/18/1990"
"3577","10.9","10/19/1990"
"3578","6.4","10/20/1990"
"3579","10.9","10/21/1990"
"3580","9","10/22/1990"
"3581","10.9","10/23/1990"
"3582","12.4","10/24/1990"
"3583","11.6","10/25/1990"
"3584","13.3","10/26/1990"
"3585","14.4","10/27/1990"
"3586","18.4","10/28/1990"
"3587","13.6","10/29/1990"
"3588","14.9","10/30/1990"
"3589","14.8","10/31/1990"
"3590","15.4","11/01/1990"
"3591","11.8","11/02/1990"
"3592","13","11/03/1990"
"3593","11.1","11/04/1990"
"3594","12.5","11/05/1990"
"3595","18.3","11/06/1990"
"3596","19.2","11/07/1990"
"3597","15.4","11/08/1990"
"3598","13.1","11/09/1990"
"3599","11.5","11/10/1990"
"3600","8.6","11/11/1990"
"3601","12.6","11/12/1990"
"3602","13.8","11/13/1990"
"3603","14.6","11/14/1990"
"3604","13.2","11/15/1990"
"3605","12.3","11/16/1990"
"3606","8.8","11/17/1990"
"3607","10.7","11/18/1990"
"3608","9.9","11/19/1990"
"3609","8.3","11/20/1990"
"3610","15","11/21/1990"
"3611","12.2","11/22/1990"
"3612","10.5","11/23/1990"
"3613","11.1","11/24/1990"
"3614","13","11/25/1990"
"3615","12.9","11/26/1990"
"3616","8.8","11/27/1990"
"3617","14.7","11/28/1990"
"3618","14.7","11/29/1990"
"3619","12.7","11/30/1990"
"3620","13.3","12/01/1990"
"3621","13.2","12/02/1990"
"3622","16.2","12/03/1990"
"3623","17.3","12/04/1990"
"3624","20.5","12/05/1990"
"3625","20.2","12/06/1990"
"3626","19.4","12/07/1990"
"3627","15.5","12/08/1990"
"3628","14.1","12/09/1990"
"3629","11","12/10/1990"
"3630","11.1","12/11/1990"
"3631","14","12/12/1990"
"3632","11.4","12/13/1990"
"3633","12.5","12/14/1990"
"3634","13.4","12/15/1990"
"3635","13.6","12/16/1990"
"3636","13.9","12/17/1990"
"3637","17.2","12/18/1990"
"3638","14.7","12/19/1990"
"3639","15.4","12/20/1990"
"3640","13.1","12/21/1990"
"3641","13.2","12/22/1990"
"3642","13.9","12/23/1990"
"3643","10","12/24/1990"
"3644","12.9","12/25/1990"
"3645","14.6","12/26/1990"
"3646","14","12/27/1990"
"3647","13.6","12/28/1990"
"3648","13.5","12/29/1990"
"3649","15.7","12/30/1990"
"3650","13","12/31/1990"
